"slug","clics","impresiones","ctr","posicion"
"copiapo/motel-los-sauces","19","1263","1.5%","374"
"antofagasta/motel-serrano-antofagasta","52","1217","4.27%","331"
"motel-diamante-curico","67","958","6.99%","189"
"talcahuano/motel-caudal-talcahuano","40","677","5.91%","235"
"calama/motel-euro-calama","34","640","5.31%","395"
"curico/motel-el-oasis-de-los-niches","30","636","4.72%","29"
"puerto-montt/motel-yugos","4","599","0.67%","714"
"macul/motel-los-gatitos-macul","2","586","0.34%","794"
"curico/motel-y-cabanas-melosas-rauco","38","558","6.81%","426"
"concepcion/motel-liguria","13","525","2.48%","61"
"la-florida/motel-la-giralda-florida","3","519","0.58%","828"
"san-miguel/motel-montavord","1","498","0.2%","985"
"copiapo/motel-deja-vu-copiapo","10","482","2.07%","966"
"calama/motel-las-cavernas-calama","10","457","2.19%","401"
"valdivia/motel-arenal-valdivia","8","419","1.91%","1004"
"valparaiso/motel-bristol-valparaiso","3","358","0.84%","1089"
"curico/cabanas-rauquen","10","355","2.82%","647"
"curico/motel-84","12","351","3.42%","472"
"san-antonio/motel-piedradura-san-antonio","2","263","0.76%","873"
"quinta-normal/motel-y-hotel-abismo-de-pasion-quinta-normal","26","254","10.24%","959"
"concepcion/motel-la-cascada-concepcion","11","239","4.6%","1787"
"san-joaquin/motel-tikal-san-joaquin","0","234","0%","1279"
"coquimbo/motel-entre-rocas-coquimbo","1","232","0.43%","822"
"iquique/motel-turqueza-iquique","1","211","0.47%","1065"
"maule/motel-lujuria-maule","5","207","2.42%","902"
"punta-arenas/motel-el-canelo-punta-arenas","1","204","0.49%","681"
"lampa/motel-la-montana-lampa","14","202","6.93%","786"
"calama/motel-elegance","2","200","1%","1371"
"zapallar/motel-diamante","0","197","0%","1296"
"talca/motel-mediterraneo-talca","2","193","1.04%","1626"
"vina-del-mar/hostal-o-pension-motel-la-gata-vina-del-mar","10","185","5.41%","1085"
"los-angeles/motel-cerro-colorado","10","181","5.52%","601"
"copiapo/motel-el-cielo","1","175","0.57%","1422"
"recoleta/motel-el-buda-recoleta","0","173","0%","102"
"recoleta/motel-magus","1","170","0.59%","1037"
"padre-hurtado/motel-mi-sol-padre-hurtado","1","163","0.61%","1083"
"valdivia/motel-los-maitenes-valdivia","0","155","0%","1822"
"copiapo/motel-san-fernando-copiapo","4","154","2.6%","1607"
"antofagasta/motel-corazones-antofagasta","1","137","0.73%","1153"
"tome/motel-santo-pecado-tome","2","131","1.53%","919"
"san-vicente/motel-7-lunas-san-vicente-de-tagua-tagua","3","130","2.31%","1212"
"concepcion/motel-marques-de-sade","0","129","0%","935"
"arica/motel-los-olivos-arica","1","106","0.94%","95"
"recoleta/motel-azzo-recoleta","4","104","3.85%","1165"
"villa-alemana/motel-lobo-villa-alemana","4","103","3.88%","461"
"copiapo/motel-la-escala-copiapo","1","103","0.97%","383"
"la-cisterna/motel-el-amor-en-lila-la-cisterna","2","101","1.98%","1322"
"providencia/motel-gala-providencia","0","99","0%","3332"
"quilicura/motel-jardin-de-eros-quilicura","1","97","1.03%","1253"
"puerto-montt/motel-la-vara","2","97","2.06%","1702"
"arica/motel-la-favorita","2","97","2.06%","771"
"concepcion/motel-el-conquistador","1","96","1.04%","1201"
"maipu/motel-paso-nevado-maipu","0","92","0%","3003"
"coronel/motel-el-prado-coronel","3","92","3.26%","938"
"linares/motel-102-linares","1","91","1.1%","1632"
"vina-del-mar/motel-diplomate-vina-del-mar","1","91","1.1%","654"
"concepcion/motel-venezia-concepcion","1","89","1.12%","3173"
"buin/motel-inside-buin","0","86","0%","1291"
"calama/motel-kalu-calama","1","86","1.16%","1547"
"temuco/motel-camy-temuco","3","85","3.53%","1169"
"quinta-normal/motel-complices-quinta-normal","0","85","0%","1262"
"santiago/motel-los-acacios-santiago","1","81","1.23%","993"
"san-fernando/motel-via-veneto-san-fernando","0","78","0%","2191"
"osorno/motel-tematico-las-quemas-osorno","4","77","5.19%","986"
"la-florida/motel-niagara-la-florida","0","73","0%","1819"
"arica/motel-la-fuente-arica","5","73","6.85%","1652"
"chillan/motel-santorini","1","71","1.41%","103"
"valparaiso/motel-madox-valparaiso","2","70","2.86%","1373"
"coquimbo/motel-cupido-coquimbo","0","70","0%","1453"
"coquimbo/motel-y-hotel-fantasia-la-serena-coquimbo","1","69","1.45%","1652"
"melipilla/motel-rouge","1","64","1.56%","1283"
"san-vicente/motel-rio-secreto-san-vicente","1","63","1.59%","1335"
"rengo/motel-marga-marga-rengo","0","61","0%","1297"
"concepcion/motel-cisne-concepcion","3","61","4.92%","1175"
"punta-arenas/motel-secretos-punta-arenas","1","59","1.69%","1937"
"la-cisterna/motel-vespucio-la-cisterna","0","58","0%","1619"
"san-fernando/motel-las-arboledas-san-fernando","1","58","1.72%","1669"
"vina-del-mar/alojamiento-y-motel-okoa","1","58","1.72%","2669"
"providencia/motel-huelen-providencia","1","58","1.72%","1452"
"concon/motel-ensueno-concon","0","56","0%","4343"
"talca/motel-caribe-talca","0","55","0%","3011"
"los-angeles/motel-las-palmeras-los-angeles","0","54","0%","1583"
"padre-hurtado/motel-las-burgas-padre-hurtado","0","52","0%","1744"
"arica/motel-cabanas-paraiso-arica","0","51","0%","2031"
"coquimbo/motel-momentos-coquimbo","0","50","0%","1688"
"la-cisterna/motel-lavien-rose-la-cisterna","0","50","0%","1384"
"el-monte/motel-quellon-el-monte","0","49","0%","963"
"valdivia/motel-habana-valdivia","1","47","2.13%","2683"
"concepcion/motel-caudal-talcahuano","1","47","2.13%","1187"
"la-florida/motel-trinidad-la-florida","0","45","0%","5287"
"chillan-viejo/motel-nevada-3","0","45","0%","326"
"melipilla/motel-paso-nevado-melipilla","0","44","0%","2052"
"san-miguel/motel-777","0","44","0%","4395"
"providencia/motel-marin-providencia","0","44","0%","5873"
"los-angeles/motel-new-dunas-los-angeles","0","43","0%","956"
"iquique/motel-geicha-iquique","0","43","0%","1781"
"pudahuel/motel-paso-nevado-revision-y-opiniones","0","40","0%","2193"
"concepcion/motel-nevada-san-pedro-de-la-paz","0","40","0%","2145"
"san-miguel/motel-palmera-real-san-miguel","2","40","5%","1693"
"arica/motel-colcas-arica","0","38","0%","1003"
"pudahuel/motel-el-secreto-pudahuel","0","38","0%","2539"
"punta-arenas/motel-las-mil-y-una-noches-punta-arenas","0","38","0%","1711"
"concepcion/motel-cruz-656","1","38","2.63%","4103"
"antofagasta/motel-romances-suites-antofagasta","1","38","2.63%","1979"
"osorno/motel-paraiso-osorno","0","37","0%","1262"
"pudahuel/motel-aeropuerto-pudahuel","1","37","2.7%","1635"
"san-joaquin/motel-cozumel-san-joaquin","0","37","0%","3811"
"temuco/motel-new-tekena","0","37","0%","3297"
"vina-del-mar/motel-bahia","1","36","2.78%","1061"
"coronel/motel-iguazu-coronel","1","36","2.78%","1372"
"calama/motel-paraiso-calama","0","36","0%","28"
"temuco/motel-geminis-temuco","0","36","0%","1075"
"santiago/motel-galaxia-santiago","1","35","2.86%","1143"
"puerto-montt/motel-el-tepual-puerto-montt","1","35","2.86%","3446"
"antofagasta/motel-el-cairo","0","34","0%","2888"
"punta-arenas/motel-platinium-punta-arenas","1","34","2.94%","1862"
"san-bernardo/motel-luna-y-miel-san-bernardo","1","33","3.03%","1945"
"san-joaquin/motel-monte-bello-san-joaquin","1","33","3.03%","1794"
"la-reina/motel-villa-alpina-la-reina","1","33","3.03%","1755"
"vina-del-mar/motel-encuentro-vina","0","31","0%","1565"
"antofagasta/motel-mediterraneo-inn","1","31","3.23%","1765"
"valdivia/motel-los-leones-valdivia","1","31","3.23%","3181"
"vina-del-mar/motel-marina-vina-del-mar","0","30","0%","2693"
"san-antonio/motel-moave-san-antonio","0","30","0%","129"
"quintero/motel-aguas-magicas-quintero","1","30","3.33%","1143"
"coquimbo/motel-corazon-coquimbo","0","30","0%","2983"
"quilpue/motel-la-cuncuna-quilpue","0","29","0%","4638"
"valparaiso/motel-puerto-principal-valparaiso","0","29","0%","2824"
"maipu/motel-aerotel-express-maipu","0","29","0%","6783"
"santiago/motel-ricardo-cumming-224-santiago","2","28","7.14%","1757"
"santiago/motel-san-francisco-22-santiago","0","28","0%","2561"
"la-florida/motel-luciernagas-la-florida","0","28","0%","2386"
"puente-alto/motel-el-trauco-puente-alto","1","28","3.57%","4411"
"vina-del-mar/motel-malibu-vina-del-mar","0","27","0%","2926"
"macul/motel-cozumel-vicuna-macul","0","27","0%","5774"
"providencia/motel-holley-providencia","0","27","0%","49"
"valparaiso/motel-arbolitos-valparaiso","1","26","3.85%","3035"
"providencia/motel-apolo-providencia","0","25","0%","3464"
"la-cisterna/motel-ensueno-la-cisterna","0","25","0%","1856"
"concepcion/motel-el-parque-concepcion","0","24","0%","7608"
"la-granja/motel-okoa-la-granja","0","24","0%","1888"
"arica/motel-cabanas-del-rio","0","24","0%","3888"
"san-vicente/motel-los-naranjos-san-vicente","1","24","4.17%","2229"
"valparaiso/motel-pasion-portena-valparaiso","0","24","0%","1479"
"quilpue/motel-2000-quilpue","0","24","0%","3421"
"melipilla/motel-la-fuente-del-desire","2","23","8.7%","1143"
"concepcion/motel-las-torres-coronel","0","23","0%","7374"
"san-bernardo/motel-los-naranjos-san-bernardo","0","23","0%","5587"
"santiago/motel-kalipso-santiago","0","23","0%","1565"
"victoria/motel-belen-victoria","0","23","0%","1896"
"arica/motel-babilonia","1","23","4.35%","137"
"santiago/motel-sol-y-luna-santiago","0","22","0%","2482"
"la-pintana/motel-maromas-la-pintana","0","22","0%","1636"
"la-cisterna/motel-veracruz-la-cisterna","4","22","18.18%","1464"
"antofagasta/motel-jg-antofagasta","1","22","4.55%","4132"
"santa-cruz/motel-luna-nueva-santa-cruz","0","22","0%","3595"
"los-angeles/motel-cantarrana-los-angeles","0","22","0%","3823"
"concepcion/motel-fish-concepcion","0","22","0%","1523"
"iquique/motel-eclipse-iquique","0","21","0%","281"
"quinta-normal/motel-el-refugio-de-alsino-quinta-normal","1","21","4.76%","1167"
"la-cisterna/motel-los-troncos-la-cisterna","0","21","0%","2805"
"providencia/motel-marin-014-providencia","0","21","0%","5129"
"vina-del-mar/motel-kiss-marbella","2","20","10%","64"
"rancagua/motel-boutique","0","20","0%","51"
"quilpue/motel-torreon-quilpue","0","20","0%","3605"
"santiago/motel-primavera-santiago","1","20","5%","945"
"vina-del-mar/motel-md-vina-del-mar","2","20","10%","1405"
"pudahuel/motel-aerotel-tradition-pudahuel","0","20","0%","486"
"vina-del-mar/hostal-o-pension-motel-adeux","0","19","0%","2116"
"melipilla/motel-jardin-secreto-melipilla","1","19","5.26%","2711"
"punta-arenas/motel-eros-punta-arenas","0","19","0%","1495"
"arica/motel-eclipse-de-luna-arica","0","18","0%","2483"
"la-granja/motel-el-trauco-the-farm-the-farm","0","18","0%","4878"
"san-bernardo/motel-la-piramide-san-bernardo","0","18","0%","5933"
"la-reina/motel-internacional-la-reina","0","18","0%","5017"
"santiago/motel-rosas-2222-santiago","0","18","0%","2167"
"san-joaquin/motel-campanella-san-joaquin","0","18","0%","2189"
"villa-alemana/motel-tantra-villa-alemana","0","18","0%","2261"
"la-reina/motel-los-arbolitos-la-reina","0","17","0%","4488"
"angol/motel-nahuen-angol","0","17","0%","2535"
"coquimbo/motel-no-se-coquimbo-moteles-chili","1","17","5.88%","3765"
"puerto-montt/motel-cabanas-kineco-puerto-montt","0","17","0%","4582"
"coquimbo/motel-los-lagos-coquimbo","0","17","0%","4241"
"la-florida/motel-florida-la-florida","0","17","0%","5353"
"la-cisterna/motel-pilares-del-amor-la-cisterna","2","17","11.76%","2035"
"concepcion/motel-manquimavida","0","16","0%","4538"
"valdivia/motel-las-brujas-valdivia","0","16","0%","5388"
"santiago/motel-la-cascada-santiago","0","16","0%","4919"
"concepcion/motel-paradiso-concepcion","0","15","0%","146"
"los-andes/motel-cau-cau-los-andes","0","15","0%","4593"
"providencia/motel-ah-express-providencia","0","15","0%","1087"
"la-florida/motel-ipanema-la-florida","0","15","0%","5333"
"la-florida/motel-los-grillos-la-florida","0","15","0%","1913"
"molina/motel-laguna-verde","0","14","0%","3793"
"concepcion/motel-vitara-concepcion","0","14","0%","525"
"punta-arenas/motel-borde-rio-punta-arenas","0","14","0%","2257"
"recoleta/motel-kankun-recoleta","0","14","0%","2007"
"santiago/motel-miraflores-santiago","0","13","0%","12"
"angol/motel-bellavista-angol","0","13","0%","6"
"santiago/motel-kaoma-santiago","0","13","0%","723"
"osorno/motel-cuore-osorno","0","12","0%","6592"
"santiago/motel-oasis-santiago","0","12","0%","185"
"providencia/motel-vertigo-providencia","0","12","0%","2275"
"talca/motel-luna-y-estrellas-talca","0","12","0%","4175"
"la-reina/motel-hosteria-continental-la-reina","0","12","0%","5058"
"chillan-viejo/motel-danicalqui","0","12","0%","5917"
"santiago/motel-el-marquez-santiago","0","12","0%","1075"
"padre-las-casas/motel-del-sol-pere-las-casas","0","12","0%","1875"
"osorno/motel-luna-de-pilauco-osorno","1","12","8.33%","3642"
"providencia/motel-jardin-providencia","0","11","0%","4773"
"graneros/motel-cabanas-de-turismo-la-compania-graneros","1","11","9.09%","1855"
"curico/motel-blu-suites","0","11","0%","25"
"providencia/motel-10-de-julio-providencia","0","11","0%","982"
"penaflor/motel-amapola-penaflor","0","11","0%","4755"
"arica/motel-cabanas-yotahu-arica","0","11","0%","2073"
"la-pintana/motel-las-higueras","0","11","0%","2818"
"santiago/motel-blue-santiago","0","11","0%","3909"
"valparaiso/motel-los-robles-valparaiso","0","11","0%","5818"
"la-reina/motel-triangulo-3-la-reina","0","11","0%","4836"
"san-bernardo/motel-la-boheme-san-bernardo","0","10","0%","518"
"santiago/motel-mediterraneo-classic-santiago","0","10","0%","10"
"arica/motel-status-arica","0","10","0%","392"
"recoleta/motel-mirage-recoleta","0","10","0%","333"
"padre-las-casas/motel-afrodita-padre-las-casas","1","10","10%","217"
"punta-arenas/motel-teja-punta-arenas-moteles-chile","0","10","0%","234"
"coronel/motel-arcoiris","0","10","0%","243"
"quinta-normal/motel-la-casa-blanca-herrera-quinta-normal","0","10","0%","478"
"santiago/motel-catedral-santiago","0","9","0%","30"
"vina-del-mar/hostal-o-pension-motel-el-sol-vina-del-mar","0","9","0%","19"
"padre-las-casas/motel-mirage-padre-las-casas","0","9","0%","5422"
"santiago/motel-echaurren-santiago","0","9","0%","3278"
"santiago/motel-mosqueto-santiago","0","9","0%","2033"
"quinta-normal/motel-la-casa-blanca-carrascal-quinta-normal","0","9","0%","1533"
"san-miguel/motel-buzios-san-miguel","0","9","0%","3711"
"quinta-normal/motel-tu-jardin-secreto-quinta-normal","0","9","0%","6233"
"providencia/motel-le-chateau-providencia","0","9","0%","4056"
"linares/motel-valle-luna-linares","0","9","0%","2544"
"temuco/motel-inn-temuco","0","8","0%","36"
"valparaiso/motel-y-hotel-alhambra-valparaiso","0","8","0%","4425"
"providencia/motel-amor-amor-providencia","0","8","0%","6788"
"valparaiso/motel-bleu-nuit-valparaiso","0","8","0%","2188"
"san-miguel/motel-montavord-san-miguel","0","8","0%","545"
"santiago/motel-love-downtown-santiago","0","8","0%","5838"
"linares/motel-terranova-linares","0","8","0%","7238"
"santiago/motel-juntos-santiago","0","8","0%","3538"
"santiago/motel-tropical-park-santiago","0","7","0%","5129"
"maipu/motel-sexcity-santiago","1","7","14.29%","914"
"santiago/motel-la-cle-santiago","0","7","0%","25"
"chillan-viejo/motel-venecia-chillan-viejo-moteles-chile","0","7","0%","3886"
"punta-arenas/motel-entre-nos-punta-arenas","0","7","0%","2514"
"santiago/motel-luis-xvi-santiago","0","7","0%","1043"
"santiago/motel-maravilla-santiago","0","7","0%","2514"
"providencia/motel-cielo-azul-providencia","0","7","0%","6814"
"la-cisterna/motel-continental-la-cisterna","0","7","0%","46"
"independencia/motel-inglaterra-independencia","0","7","0%","3186"
"quilpue/motel-los-jardines-quilpue","0","7","0%","4514"
"santiago/motel-principe-i-santiago","0","7","0%","5757"
"santiago/motel-10-de-julio-santiago","2","6","33.33%","12"
"longavi/motel-la-vie-en-rose-longavi","0","6","0%","3483"
"santiago/motel-sky-santiago","0","6","0%","5433"
"padre-hurtado/motel-amapola-padre-hurtado","0","6","0%","33"
"los-angeles/motel-cabana-suiza-los-angeles","0","6","0%","4533"
"santiago/motel-brasil-56-santiago","0","6","0%","435"
"chimbarongo/motel-los-alamos-chimbarongo","0","6","0%","4033"
"valparaiso/motel-boston-valparaiso","0","5","0%","286"
"quilpue/motel-kinabowa-quilpue","0","5","0%","368"
"concepcion/motel-gold-diseno","0","5","0%","338"
"quinta-normal/motel-fiesta-inn-quinta-normal","0","5","0%","626"
"punta-arenas/motel-la-luna-punta-arenas","0","5","0%","23"
"temuco/motel-del-centro-temuco-temuco","0","5","0%","60"
"san-carlos/motel-mediterraneo-san-carlos","0","5","0%","434"
"santiago/motel-las-estrellas-santiago","0","5","0%","74"
"santiago/motel-moon-santiago","0","4","0%","3925"
"santiago/motel-stgo-city-santiago","0","4","0%","24"
"calera-de-tango/motel-la-boheme-calera-de-tango","0","4","0%","2725"
"santiago/motel-molina-santiago","0","4","0%","2025"
"puerto-montt/cabanas-bosque-verde-puerto-montt","0","4","0%","8625"
"temuco/motel-mirage-temuco","0","4","0%","49"
"iquique/motel-cupido-iquique-motels-chili","0","3","0%","33"
"iquique/motel-extasis-iquique","0","3","0%","7467"
"santiago/motel-maury-santiago","0","3","0%","733"
"santiago/motel-tarapaca-1037-santiago","0","3","0%","1733"
"osorno/motel-cabanas-los-yaganes-osorno","0","3","0%","51"
"los-vilos/motel-cabanas-el-marino-los-vilos","0","3","0%","4567"
"santiago/motel-pedro-montt-santiago","1","3","33.33%","3567"
"santiago/motel-forever-santiago","0","3","0%","1267"
"santiago/motel-colmena-santiago","0","3","0%","833"
"santiago/motel-callahan-santiago","0","3","0%","933"
"temuco/motel-real-norte-temuco","0","3","0%","9033"
"vina-del-mar/lux-suites","0","2","0%","11"
"linares/motel-eclipse-de-luna-linares","0","2","0%","545"
"san-miguel/motel-camping-san-miguel","0","2","0%","485"
"recoleta/motel-ocho-art","0","2","0%","225"
"los-angeles/motel-el-amanecer-los-angeles","0","2","0%","495"
"santiago/motel-turispas-maya-santiago","0","2","0%","9"
"putaendo/motel-tahai-putaendo","0","2","0%","32"
"coyhaique/motel-coyhaique-coyhaique","0","2","0%","395"
"linares/motel-de-luxe-linares-linares","0","1","0%","12"
"san-bernardo/motel-toi-et-moi-san-bernardo","0","1","0%","6"
"rengo/motel-valle-verde-rengo","0","1","0%","6"
"los-andes/motel-zava-los-andes","0","1","0%","9"
"mostazal/motel-entre-cerros-mostazal","0","1","0%","26"
"santiago/motel-epsilon-santiago","0","1","0%","11"
"santiago/motel-pedregal-azul-santiago","0","1","0%","10"
"santiago/motel-toesca-santiago","0","1","0%","89"
"santiago/motel-decameron-suite-santiago","0","1","0%","12"
"osorno/motel-cupido-osorno","0","1","0%","7"
"santiago/motel-carmen-santiago","0","1","0%","11"
"temuco/motel-t-temuco","0","1","0%","11"
"santiago/motel-orquidea-santiago","0","1","0%","14"
