Consultas principales,Clics,Impresiones,CTR,Posición
recorrido micros punta arenas,6,18,33.33%,2.06
horario micros punta arenas,3,12,25%,3.08
colectivos punta arenas,2,23,8.7%,3.65
recorrido micro 9 punta arenas,2,21,9.52%,4.14
okusa punta arenas,2,19,10.53%,2.32
quincho costanera,2,15,13.33%,3.87
recorridos micros punta arenas,2,6,33.33%,2.83
la esquina del sandwich,1,112,0.89%,5.59
okusa,1,44,2.27%,2.43
micros punta arenas,1,21,4.76%,6.9
virgen de montserrat punta arenas,1,18,5.56%,8.61
cruce de porvenir a punta arenas horarios,1,17,5.88%,10.76
termas en punta arenas,1,13,7.69%,2.62
micro punta arenas,1,13,7.69%,8.54
recorridos colectivos punta arenas,1,6,16.67%,6
recorrido colectivo 800 punta arenas,1,6,16.67%,10
termas punta arenas,1,4,25%,3.25
discoteca punta arenas,1,2,50%,10.5
que museos son gratis los domingos,1,1,100%,12
esquina del sándwich,0,66,0%,4.79
amanecer en punta arenas,0,43,0%,7.72
lomitos,0,42,0%,9.17
a que hora amanece en punta arenas,0,35,0%,8.29
puerto natales a torres del paine,0,34,0%,81.74
quincho bories,0,29,0%,8.83
distancia santiago punta arenas,0,29,0%,10.72
recorrido micro 5 punta arenas,0,27,0%,8.63
menú de la esquina del sandwich,0,25,0%,2.4
distancia entre santiago y punta arenas,0,23,0%,10.17
restaurante punta arenas,0,22,0%,28.18
pub punta arenas,0,21,0%,20.9
colonial,0,20,0%,9.25
la cuisine punta arenas,0,20,0%,12.5
itinerario porvenir punta arenas,0,19,0%,3.63
la perla del estrecho,0,19,0%,7.53
restaurant status,0,19,0%,9.47
amanecer punta arenas,0,17,0%,11.29
laguna lynch punta arenas,0,16,0%,9.44
distancia de santiago a punta arenas,0,16,0%,10.5
comida china punta arenas,0,16,0%,23.69
distancia coyhaique a punta arenas,0,15,0%,9.93
estado cruce punta arenas - porvenir,0,14,0%,9.71
punta arenas vida nocturna,0,14,0%,13.43
family sandwich,0,13,0%,6.54
rincon de moe,0,13,0%,8.08
hotel savoy restaurant punta arenas,0,13,0%,25.08
el arriero punta arenas,0,12,0%,8.08
barrio croata punta arenas,0,12,0%,10.58
los brujos punta arenas,0,12,0%,11.58
punta arenas chile,0,12,0%,55
estrecho de magallanes,0,12,0%,66.58
esquina del sandwich punta arenas,0,11,0%,4.09
la esquina del sandwich punta arenas,0,11,0%,4.45
rutas de colectivos punta arenas,0,11,0%,4.82
recorrido micro 6 punta arenas,0,11,0%,6.36
itinerario tabsa porvenir punta arenas,0,11,0%,7.36
a que hora oscurece punta arenas,0,11,0%,9.09
recorrido micro 8 punta arenas,0,11,0%,10.55
parque japones punta arenas,0,11,0%,12.73
distancia entre coyhaique y punta arenas,0,11,0%,15.73
emporio punta arenas,0,10,0%,2.4
enoki sushi,0,10,0%,6
recorrido colectivo 714 punta arenas,0,10,0%,8.5
virgen de montserrat,0,10,0%,8.9
restaurantes perto de mim,0,10,0%,9
horario mamut punta arenas,0,10,0%,9.7
carioca punta arenas,0,10,0%,10
menú de damiana elena,0,10,0%,10.8
distancia santiago a punta arenas,0,10,0%,11.2
a que hora oscurece en punta arenas,0,10,0%,11.5
restaurantes punta arenas,0,10,0%,24.4
a que hora se oscurece en punta arenas en verano,0,9,0%,2.89
recorrido micro 2 punta arenas,0,9,0%,5.22
parque chabunco,0,9,0%,6.11
damiana elena,0,9,0%,7.89
horario barcaza porvenir punta arenas,0,9,0%,8.89
san telmo restaurante,0,9,0%,9.22
menú de a brasas restaurant punta arenas,0,9,0%,9.67
cuántos kilómetros hay de santiago a punta arenas,0,9,0%,11.67
comida tailandesa punta arenas,0,9,0%,22.89
atardecer punta arenas,0,9,0%,25.56
ferry puerto montt puerto natales precio,0,9,0%,28.22
avistamiento de ballenas estrecho de magallanes,0,9,0%,37.56
restaurant & emporio okusa,0,8,0%,1
itinerario punta arenas porvenir,0,8,0%,2.5
horarios barcaza punta arenas a porvenir,0,8,0%,6.25
cristo obrero punta arenas,0,8,0%,6.5
distancia entre punta arenas y coyhaique,0,8,0%,7.88
el rincon de moe,0,8,0%,8.25
ipai punta arenas,0,8,0%,8.25
ocaso punta arenas,0,8,0%,9.5
a que hora se oscurece en punta arenas,0,8,0%,11.5
restaurant punta arenas,0,8,0%,31.62
esquina sandwich,0,7,0%,5.14
horario barcaza porvenir,0,7,0%,6.43
recorrido micro 1 punta arenas,0,7,0%,6.57
maria betty,0,7,0%,7.43
history punta arenas,0,7,0%,8
donde comer centolla en punta arenas,0,7,0%,8.29
expedición cabo froward,0,7,0%,77.57
a que hora se oscurece en punta arenas en invierno,0,6,0%,2.17
hasta que hora pasan las micros en punta arenas,0,6,0%,3
esquina del sandwich,0,6,0%,4.33
recorrido colectivo 15 punta arenas,0,6,0%,6.33
donde moe,0,6,0%,6.5
recorrido punta arenas,0,6,0%,7.83
ippai,0,6,0%,8.83
museo don bosco punta arenas,0,6,0%,8.83
history coffee dreams,0,6,0%,9.17
mariscos punta arenas,0,6,0%,9.83
a qué hora amanece en punta arenas,0,6,0%,10
iglesia cristo obrero,0,6,0%,10
status restaurant,0,6,0%,10.5
disco en punta arenas,0,6,0%,11.5
zona de acampada en punta arenas,0,6,0%,19.5
iglesias y catedrales en punta arenas,0,6,0%,26.67
sotito's bar punta arenas,0,6,0%,28.67
parrilladas en punta arenas,0,6,0%,28.83
seguro rci,0,6,0%,58.17
patagonia chilena,0,6,0%,68.83
locomocion punta arenas,0,5,0%,4.4
distancia santiago punta arenas por tierra,0,5,0%,5
leyendas de punta arenas,0,5,0%,5
parroquia cristo obrero,0,5,0%,6.8
restaurant okusa,0,5,0%,6.8
status punta arenas,0,5,0%,7.8
ole tapas,0,5,0%,8.2
restaurante status punta arenas,0,5,0%,9
a brasas,0,5,0%,9.6
buses pacheco,0,5,0%,10.4
azuca restaurante punta arenas,0,5,0%,10.6
buses pacheco punta arenas,0,5,0%,10.6
alquiler de 1 día de bicicleta eléctrica en puntarenas,0,5,0%,15.4
parroquia fatima,0,5,0%,24.4
punta arenas,0,5,0%,48.6
punta arenas a ushuaia,0,5,0%,51.2
la esquina del sandwich fotos,0,4,0%,5
monumento al viento punta arenas,0,4,0%,7.25
brasas punta arenas,0,4,0%,8.75
distancia de coyhaique a punta arenas,0,4,0%,8.75
menú de restaurant & emporio okusa,0,4,0%,8.75
history coffee punta arenas,0,4,0%,9
atardecer en punta arenas,0,4,0%,9.5
por que punta arenas es puq,0,4,0%,9.5
puesta de sol punta arenas,0,4,0%,9.75
cuantas horas son de santiago a punta arenas en bus,0,4,0%,10
ole punta arenas,0,4,0%,10
quincho del estrecho,0,4,0%,10
santiago punta arenas distancia,0,4,0%,10
arriero punta arenas,0,4,0%,10.25
buses barria punta arenas,0,4,0%,10.25
ole tapas y copas,0,4,0%,10.25
museo don bosco,0,4,0%,10.75
horario tabsa porvenir,0,4,0%,11
plaza de armas,0,4,0%,11.25
menú de a brasas restaurant,0,4,0%,11.75
cuatro estaciones,0,4,0%,12
restaurantes en punta arenas,0,4,0%,26
mejores restaurantes en punta arenas,0,4,0%,36.5
hotel savoy punta arenas,0,4,0%,40.5
picadas para comer en punta arenas,0,4,0%,47.5
patagonia chilena o argentina,0,4,0%,57.25
hostal punta arenas,0,4,0%,58.75
en punta arenas,0,4,0%,60.5
comidas tipicas de punta arenas,0,4,0%,60.75
comidas típicas de punta arenas,0,4,0%,62.5
seguro rci argentina,0,4,0%,65.25
tours de aventura punta arenas,0,4,0%,71.25
cordero al palo,0,4,0%,71.75
parque nacional alberto de agostini,0,4,0%,78.5
milcao,0,4,0%,79.25
parque nacional cabo de hornos,0,4,0%,79.25
puerto montt puerto natales,0,4,0%,81.25
curanto,0,4,0%,82
fuerte bulnes,0,4,0%,84.5
a que hora oscurece en punta arenas en invierno,0,3,0%,2.67
micros,0,3,0%,3
la esquina del sándwich,0,3,0%,4
santiago a punta arenas en auto,0,3,0%,4.67
horarios barcaza punta arenas a porvenir 2025,0,3,0%,5
okusa restaurant,0,3,0%,5
sandwicherías,0,3,0%,5
colectivo punta arenas,0,3,0%,5.67
a que hora oscurece,0,3,0%,6
cuantas horas son de santiago a punta arenas en auto,0,3,0%,6
que colectivos van al mall punta arenas,0,3,0%,6
las brasas punta arenas,0,3,0%,6.67
recorrido colectivos punta arenas,0,3,0%,7
coyhaique a punta arenas distancia,0,3,0%,7.67
a que hora pasa la micro,0,3,0%,8.33
ippai ramen punta arenas,0,3,0%,8.33
que colectivo va al hospital punta arenas,0,3,0%,8.33
a brasas restaurant,0,3,0%,8.67
ole restaurant,0,3,0%,9
santiago a punta arenas distancia,0,3,0%,9.67
la vianda punta arenas,0,3,0%,10.33
porque punta arenas es puq,0,3,0%,10.33
horario lomit's punta arenas,0,3,0%,10.67
chabunco punta arenas,0,3,0%,11.33
salida del sol punta arenas,0,3,0%,11.33
san telmo punta arenas,0,3,0%,11.33
abrasas,0,3,0%,11.67
menú de la cuisine punta arenas,0,3,0%,12
buses fernández,0,3,0%,19
animales de punta arenas,0,3,0%,20.67
donde comer en punta arenas,0,3,0%,27
restaurantes de mariscos,0,3,0%,28.33
queilen bus pasajes,0,3,0%,29
punta arenas restaurants,0,3,0%,30
valor ferry puerto montt puerto natales,0,3,0%,39
buses fernandez,0,3,0%,39.33
lugares para comer punta arenas,0,3,0%,39.67
viajes puerto montt punta arenas,0,3,0%,40
queilen bus,0,3,0%,44
como ir de punta arenas a ushuaia,0,3,0%,47.67
distancia puerto williams punta arenas,0,3,0%,48.33
receta merluza austral,0,3,0%,51.33
kiosko roca,0,3,0%,56.67
plaza de armas muñoz gamero,0,3,0%,59
aeropuerto punta arenas,0,3,0%,61
turismo en punta arenas,0,3,0%,66.67
bares con musica en vivo,0,3,0%,71.33
punta arenas to ushuaia,0,3,0%,71.67
patagonia chile argentina,0,3,0%,75.33
cementerio punta arenas,0,3,0%,75.67
rci argentina,0,3,0%,76.33
parque nacional kawésqar,0,3,0%,79
atractivos punta arenas,0,3,0%,80
seguro automotriz para viajar a argentina,0,3,0%,81.33
seguro internacional argentina,0,3,0%,81.67
seguro de auto para viajar a argentina,0,3,0%,83.67
seguro para viajar a argentina en auto,0,3,0%,86.67
seguro obligatorio argentina,0,3,0%,90.33
merluza austral,0,3,0%,90.67
patagonia argentina chile,0,3,0%,94.67
seguro viaje argentina,0,3,0%,97.33
comida rapida punta arenas,0,2,0%,1
el emporio restaurante,0,2,0%,1.5
horario micro,0,2,0%,2
que hora pasa la micro,0,2,0%,2
rio san juan,0,2,0%,3
barcaza porvenir punta arenas horarios,0,2,0%,4
cuanto es de santiago a punta arenas en auto,0,2,0%,5.5
parque chabunco punta arenas,0,2,0%,5.5
locomocion colectiva punta arenas,0,2,0%,6.5
menú de pub colonial,0,2,0%,6.5
tante mozza,0,2,0%,6.5
a brasas restaurante,0,2,0%,7
mamut horario,0,2,0%,7
micro,0,2,0%,7
termas,0,2,0%,7
a brasas punta arenas,0,2,0%,7.5
buses cruz del sur pasajes,0,2,0%,8
horario misa cristo obrero,0,2,0%,8
horario buses punta arenas,0,2,0%,8.5
restaurant san telmo,0,2,0%,8.5
cruz del sur,0,2,0%,9
history dreams,0,2,0%,9
parque maria betty,0,2,0%,9
río gallegos como llegar,0,2,0%,9
distancia entre punta arenas y santiago,0,2,0%,9.5
history cafe,0,2,0%,9.5
horario mamut,0,2,0%,9.5
marga taqsa teléfono punta arenas,0,2,0%,9.5
restaurante san telmo,0,2,0%,9.5
estado de cruce,0,2,0%,10
tabsa itinerario porvenir,0,2,0%,10
moovit punta arenas,0,2,0%,10.5
santiago a punta arenas km,0,2,0%,10.5
aurus punta arenas,0,2,0%,11
colectivos que van al hospital punta arenas,0,2,0%,11
cuantos km hay de santiago a punta arenas,0,2,0%,11
distancia de punta arenas a rio gallegos,0,2,0%,11
horario de municipalidad,0,2,0%,11
donde comprar centolla en punta arenas,0,2,0%,12
menú de lomito's,0,2,0%,12
municipalidad de punta arenas horario,0,2,0%,12
libreria que leo punta arenas,0,2,0%,12.5
indio plaza punta arenas,0,2,0%,13
kilometros de santiago a punta arenas,0,2,0%,13
pastas en punta arenas,0,2,0%,17.5
lomits punta arenas,0,2,0%,18
puerto montt a puerto natales en auto,0,2,0%,19.5
pub en punta arenas,0,2,0%,21
buses fernandez horarios,0,2,0%,23
restaurante donde mariano,0,2,0%,23
ruta 9 chile,0,2,0%,23.5
donde mariano,0,2,0%,25.5
mercado municipal,0,2,0%,26.5
hostal señora anita,0,2,0%,27
mejores restaurantes punta arenas,0,2,0%,27
buses barría,0,2,0%,28
barcaza puerto montt a puerto natales,0,2,0%,28.5
cruz del sur pasajes,0,2,0%,28.5
sotitos punta arenas,0,2,0%,28.5
cuatro estaciones punta arenas,0,2,0%,29.5
punta arenas al aire libre,0,2,0%,29.5
brasas,0,2,0%,31
donde empieza la patagonia chilena,0,2,0%,31.5
faro san isidro como llegar,0,2,0%,31.5
libreria punta arenas,0,2,0%,32
bar punta arenas,0,2,0%,32.5
catedral punta arenas,0,2,0%,33
el andino punta arenas,0,2,0%,33.5
cafe sarmiento punta arenas,0,2,0%,35.5
vuelos desde concepcion a punta arenas,0,2,0%,37.5
pubs,0,2,0%,39
casa de cambio punta arenas,0,2,0%,40
donde comer cordero en punta arenas,0,2,0%,40.5
punta arenas region,0,2,0%,43
san gregorio,0,2,0%,44
taxi puerto natales,0,2,0%,46.5
nao victoria museum,0,2,0%,47.5
night club punta arenas,0,2,0%,47.5
viajes punta arenas puerto montt,0,2,0%,48
curanto en olla casero,0,2,0%,49.5
ferry punta arenas puerto williams,0,2,0%,50
nao victoria punta arenas,0,2,0%,50
zona franca punta arenas,0,2,0%,50
zona franca chile,0,2,0%,54
kiosko roca punta arenas,0,2,0%,54.5
patagonia chilena mapa,0,2,0%,57.5
puerto montt a puerto natales,0,2,0%,57.5
donde comienza la patagonia chilena,0,2,0%,59.5
seguro rci para viajar a argentina,0,2,0%,61
san gregorio chile,0,2,0%,63
buses de punta arenas a puerto natales,0,2,0%,66
reserva nacional magallanes,0,2,0%,66.5
seguro de responsabilidad civil internacional,0,2,0%,66.5
cerro balmaceda,0,2,0%,67.5
aeropuerto de puerto natales,0,2,0%,69
patagonia de chile,0,2,0%,71
auroras boreales chile,0,2,0%,72
milodon cueva,0,2,0%,72.5
fiestas fin de año,0,2,0%,73.5
puerto montt a puerto williams,0,2,0%,75
restaurantes de comida china,0,2,0%,76
vivir en el sur de chile,0,2,0%,76.5
puerto williams punta arenas,0,2,0%,77
río grey,0,2,0%,77.5
punta arenas puerto williams ferry,0,2,0%,78.5
tour en punta arenas,0,2,0%,79
el faro de san isidro,0,2,0%,80
seguro internacional auto argentina,0,2,0%,80
cueva del milodon,0,2,0%,80.5
ferry puerto montt puerto natales,0,2,0%,80.5
tours punta arenas,0,2,0%,80.5
sushi,0,2,0%,82
mapa patagonia chilena,0,2,0%,82.5
fiestas de fin de año,0,2,0%,85
seguro auto para viajar a argentina,0,2,0%,85.5
seguro para argentina,0,2,0%,86.5
actividades de año nuevo,0,2,0%,87.5
seguro de auto para ir a argentina,0,2,0%,89.5
glaciar grey,0,2,0%,90.5
seguro obligatorio para ir a argentina,0,2,0%,90.5
isla magdalena,0,2,0%,93
seguro para ir a argentina,0,2,0%,96
restaurante okusa,0,1,0%,1
best restaurant punta arenas,0,1,0%,2
mirador de punta arenas,0,1,0%,2
hasta que hora pasan los colectivos hoy,0,1,0%,3
micro 2 recorrido,0,1,0%,3
o,0,1,0%,3
kuchen de calafate,0,1,0%,4
la casona peruana,0,1,0%,4
micro 9 recorrido,0,1,0%,4
por donde pasa la micro,0,1,0%,4
pubbar,0,1,0%,4
que hora pasan los colectivos,0,1,0%,4
recorrido de la micro 1,0,1,0%,4
restaurante emporium,0,1,0%,4
volcan reclus,0,1,0%,4
a qué hora pasa el,0,1,0%,5
campamento base punta arenas,0,1,0%,5
horario del colonial,0,1,0%,5
qué colectivo pasa por,0,1,0%,5
balfer tienda online,0,1,0%,6
cada cuanto pasa la micro,0,1,0%,6
discotecas,0,1,0%,6
eoys,0,1,0%,6
linea 220,0,1,0%,6
movigas punta arenas,0,1,0%,6
paraderos de micros,0,1,0%,6
recorrido colectivo 15,0,1,0%,6
rio verde como llegar,0,1,0%,6
a que hora oscurece en punta arenas en verano,0,1,0%,7
distancia coyhaique punta arenas,0,1,0%,7
distancia entre rio gallegos y punta arenas,0,1,0%,7
horario ole,0,1,0%,7
lomitos restaurante,0,1,0%,7
restaurant parque araucano,0,1,0%,7
4 estaciones punta arenas,0,1,0%,8
a qué hora empieza la noche,0,1,0%,8
balfer punta arenas catálogo,0,1,0%,8
cava,0,1,0%,8
cuánto cuesta el ferry de punta arenas a puerto williams,0,1,0%,8
distancia a punta arenas,0,1,0%,8
distancia punta arenas a coyhaique,0,1,0%,8
horario de misa hoy en la catedral,0,1,0%,8
linea 13,0,1,0%,8
micro bus,0,1,0%,8
opiniones de club k,0,1,0%,8
restaurante ole,0,1,0%,8
restaurante santelmo,0,1,0%,8
vip aeropuerto,0,1,0%,8
artesania punta arenas,0,1,0%,9
balfer punta arenas,0,1,0%,9
buses marga taqsa,0,1,0%,9
cristo obrero,0,1,0%,9
el colonial punta arenas,0,1,0%,9
kami sushi,0,1,0%,9
local comida china,0,1,0%,9
maki sushi,0,1,0%,9
manifiesto fotos,0,1,0%,9
okami sushi punta arenas,0,1,0%,9
opiniones de mesita grande,0,1,0%,9
plaza de las armas,0,1,0%,9
restaurante 4 estaciones,0,1,0%,9
restaurante emporio,0,1,0%,9
se puede llegar a punta arenas en auto,0,1,0%,9
a que hora cierra la municipalidad,0,1,0%,10
bus marga taqsa,0,1,0%,10
coyhaique a punta arenas en auto,0,1,0%,10
distancia de rio gallegos a punta arenas,0,1,0%,10
glaciar punta arenas,0,1,0%,10
hora amanecer punta arenas,0,1,0%,10
horario iglesia catedral,0,1,0%,10
le cuisine,0,1,0%,10
libraria,0,1,0%,10
marga taqsa,0,1,0%,10
olé tapas y copas,0,1,0%,10
opiniones de lomito's,0,1,0%,10
parrilladq,0,1,0%,10
pubs en punta arenas,0,1,0%,10
que hora oscurece,0,1,0%,10
restaurante a las brasas,0,1,0%,10
restaurante frances,0,1,0%,10
a que hora anochece,0,1,0%,11
centro de la cruz,0,1,0%,11
colectivo,0,1,0%,11
comida china nuevo siglo,0,1,0%,11
distancia entre punta arenas y puerto williams,0,1,0%,11
itinerario tabsa porvenir,0,1,0%,11
km de santiago a punta arenas,0,1,0%,11
libreria renacer punta arenas,0,1,0%,11
magallania seafoods & drinks,0,1,0%,11
mariano restaurante,0,1,0%,11
menú de restaurante donde mariano,0,1,0%,11
misa fatima,0,1,0%,11
parque japones,0,1,0%,11
restaurant en punta arenas,0,1,0%,11
restaurante doña ines punta arenas,0,1,0%,11
restaurantes cerca,0,1,0%,11
rio seco punta arenas,0,1,0%,11
taxi oficial aeropuerto punta arenas,0,1,0%,11
tiendas de artesanias cerca de mi,0,1,0%,11
virgen de montserrat rio verde,0,1,0%,11
xiaoyan gourmet,0,1,0%,11
arboles cementerio punta arenas,0,1,0%,12
carioca restaurante,0,1,0%,12
centro plaza de armas,0,1,0%,12
disco punta arenas,0,1,0%,12
discos en punta arenas,0,1,0%,12
discoteque punta arenas,0,1,0%,12
distancia rio verde,0,1,0%,12
entre ollas y sartenes menú,0,1,0%,12
la hermandad casa de cambio,0,1,0%,12
lomitos punta arenas,0,1,0%,12
monumento al viento,0,1,0%,12
nuevo siglo restaurante,0,1,0%,12
pacific club punta arenas,0,1,0%,12
parroquia nuestra señora de fatima,0,1,0%,12
pata del indio punta arenas,0,1,0%,12
restaurant la cuisine,0,1,0%,12
salmon punta arenas,0,1,0%,12
salon vip punta arenas,0,1,0%,12
tabsa horarios porvenir punta arenas,0,1,0%,12
barcaza porvenir punta arenas,0,1,0%,13
best places to shop,0,1,0%,13
doña ines punta arenas,0,1,0%,13
restaurantes de punta arenas,0,1,0%,13
rio san juan punta arenas,0,1,0%,13
comida típica de punta arenas,0,1,0%,14
muy cuqui,0,1,0%,14
parrilladas punta arenas,0,1,0%,14
restaurante carioca,0,1,0%,14
manifiesto punta arenas,0,1,0%,15
restaurante chino punta arenas,0,1,0%,15
doña maria punta arenas,0,1,0%,16
museo sara braun precio,0,1,0%,16
comida peruana punta arenas,0,1,0%,17
la esquina del sabor,0,1,0%,17
luan's restaurant,0,1,0%,17
mejor restaurante punta arenas,0,1,0%,17
savoy restaurant punta arenas carta,0,1,0%,17
chupe de centolla punta arenas,0,1,0%,18
comida coreana punta arenas,0,1,0%,18
mejores restaurantes de punta arenas,0,1,0%,18
donde almorzar en punta arenas,0,1,0%,19
restaurants punta arenas,0,1,0%,20
tenedor libre punta arenas,0,1,0%,21
buda punta arenas,0,1,0%,22
campamento base chile,0,1,0%,23
club k,0,1,0%,23
embarcadero tres puentes,0,1,0%,23
tabsa porvenir horario,0,1,0%,24
barcaza puerto natales a puerto montt,0,1,0%,25
buda express,0,1,0%,25
ferry a puerto natales,0,1,0%,25
discotecas cerca de mi,0,1,0%,26
lugares para comer en punta arenas,0,1,0%,26
mesita grande punta arenas,0,1,0%,26
bus sur horarios punta arenas natales,0,1,0%,27
bus sur punta arenas,0,1,0%,27
quincho municipal punta arenas,0,1,0%,27
restaurantes cerca de mi,0,1,0%,27
barcaza porvenir,0,1,0%,28
bus sur pasajes,0,1,0%,28
me puedes mostrar la imagen,0,1,0%,28
punta arenas punta arenas,0,1,0%,28
sandwich punta arenas,0,1,0%,28
savoy restaurant,0,1,0%,28
zofri punta arenas,0,1,0%,28
bus-sur horarios punta arenas natales,0,1,0%,29
discoteca cerca de mi,0,1,0%,29
hora en punta arenas,0,1,0%,29
pullman cargo punta arenas,0,1,0%,29
restaurant doña ines,0,1,0%,29
hora punta arenas,0,1,0%,30
locales de comida punta arenas,0,1,0%,30
restaurante cerca de mí abierto ahora,0,1,0%,30
sacar hora para licencia de conducir punta arenas,0,1,0%,30
valor ferry puerto montt punta arenas,0,1,0%,30
cambio punta arenas,0,1,0%,31
cruz del sur punta arenas,0,1,0%,31
inmigrante cafe,0,1,0%,31
librerías punta arenas,0,1,0%,31
restaurante bar cerca de mi,0,1,0%,31
taxi aeropuerto punta arenas,0,1,0%,31
terminal bus sur punta arenas,0,1,0%,31
restaurant savoy,0,1,0%,32
la tabla restobar,0,1,0%,33
mall espacio urbano,0,1,0%,33
pub cerca de mi,0,1,0%,33
queilen bus teléfono,0,1,0%,33
arriendo quincho punta arenas,0,1,0%,34
casa de cambio scott punta arenas,0,1,0%,34
direccion de transito punta arenas,0,1,0%,34
hora punta arenas chile,0,1,0%,34
librerias en punta arenas,0,1,0%,34
restaurante savoy,0,1,0%,34
bares cerca de mi,0,1,0%,35
comida cerca de mi ubicación,0,1,0%,35
concepción a punta arenas,0,1,0%,35
coyhaique a punta arenas,0,1,0%,35
iglesia punta arenas,0,1,0%,35
pub cerca,0,1,0%,35
restaurante cerca de mi abierto ahora,0,1,0%,35
catedral de punta arenas,0,1,0%,36
horario mall punta arenas,0,1,0%,36
ruta 9 norte,0,1,0%,36
vuelos de concepcion a punta arenas,0,1,0%,36
buses queilen,0,1,0%,37
sandwich cerca de mi,0,1,0%,37
tabsa cruce porvenir,0,1,0%,37
taqsa marga,0,1,0%,37
zona franca punta arenas: precios,0,1,0%,37
cruz del sur pasajes precios,0,1,0%,38
donde esta la patagonia en el mapa,0,1,0%,38
rio canelo punta arenas,0,1,0%,38
tabsa porvenir,0,1,0%,38
almuerzos cerca de mi,0,1,0%,39
bus santiago punta arenas,0,1,0%,39
locales de comida cerca de mí,0,1,0%,39
lugares para bailar,0,1,0%,39
perfumes zona franca,0,1,0%,39
agua fresca punta arenas,0,1,0%,40
boutique punta arenas,0,1,0%,40
carnaval de invierno punta arenas,0,1,0%,40
tabsa ferry,0,1,0%,40
bus rio gallegos punta arenas,0,1,0%,41
punta arenas a ushuaia distancia,0,1,0%,41
cafes punta arenas,0,1,0%,42
tour isla magdalena punta arenas,0,1,0%,42
zona franca punta arenas precios,0,1,0%,42
discoteca cerca,0,1,0%,43
mirador cerro de la cruz,0,1,0%,43
pago permiso circulacion punta arenas,0,1,0%,43
pasaje de puerto montt a punta arenas,0,1,0%,43
restaurante en punta arenas,0,1,0%,43
tabsa puerto natales,0,1,0%,43
apellidos croatas en punta arenas,0,1,0%,44
merluza austral frita,0,1,0%,44
por donde sale el sol en chile,0,1,0%,44
restaurants in punta arenas,0,1,0%,44
concepcion punta arenas,0,1,0%,45
museo nao victoria,0,1,0%,45
puq chile,0,1,0%,45
tabsa natales,0,1,0%,45
distancia punta arenas puerto natales,0,1,0%,46
licencias de conducir punta arenas,0,1,0%,46
pagar permiso de circulacion punta arenas,0,1,0%,46
el fuerte bulnes,0,1,0%,47
estancia san gregorio punta arenas,0,1,0%,47
pizza punta arenas,0,1,0%,47
punta arenas restaurant,0,1,0%,47
spa punta arenas,0,1,0%,47
pagar permiso circulacion punta arenas,0,1,0%,48
punta arenas ushuaia bus,0,1,0%,48
san gregorio punta arenas,0,1,0%,48
sunset punta arenas,0,1,0%,48
buses cruz del sur chile,0,1,0%,49
cafe punta arenas,0,1,0%,49
queilen bus castro,0,1,0%,49
restaurante brasa,0,1,0%,49
bus sur telefono,0,1,0%,50
buses cruz del sur,0,1,0%,50
buses de puerto montt a punta arenas,0,1,0%,50
cuantas horas son de santiago a buenos aires en auto,0,1,0%,50
el ovejero punta arenas,0,1,0%,50
laguna parrillar,0,1,0%,50
municipalidad de punta arenas permiso de circulacion,0,1,0%,50
parrilladas el arriero,0,1,0%,50
pasajes desde santiago a punta arenas,0,1,0%,50
brasas restaurante,0,1,0%,51
bus cruz del sur chile,0,1,0%,51
mall punta arenas tiendas,0,1,0%,51
museo salesiano maggiorino borgatello,0,1,0%,51
museo sara braun,0,1,0%,51
pubs cerca de mi,0,1,0%,51
punta arenas chili,0,1,0%,51
rios cerca de mi ubicacion,0,1,0%,51
bar bailable,0,1,0%,52
cruz del sur bus,0,1,0%,52
desde santiago a punta arenas,0,1,0%,52
espacio urbano pionero,0,1,0%,52
indio patagon,0,1,0%,52
kawesqar patagonia,0,1,0%,52
parrilla a las brasas,0,1,0%,52
pasaje puerto montt punta arenas,0,1,0%,52
patagonia chile mapa,0,1,0%,52
punta arenas zona franca,0,1,0%,52
restaurante brasas,0,1,0%,52
restaurante de mariscos,0,1,0%,52
restaurante sabores,0,1,0%,52
seguro rci argentina más barato,0,1,0%,52
comida casera cerca de mi,0,1,0%,53
donde queda punta arenas,0,1,0%,53
mall espacio urbano pionero,0,1,0%,53
merluza austral receta,0,1,0%,53
patagonia region,0,1,0%,53
plaza muñoz gamero,0,1,0%,53
punta arenas a calafate,0,1,0%,53
restaurantes cerca de mi ubicación actual abiertos,0,1,0%,53
seguro argentina bci,0,1,0%,53
cerro de la cruz,0,1,0%,54
cueva del milodon horario,0,1,0%,54
merluza austral a la plancha,0,1,0%,54
punta arenas a puerto natales,0,1,0%,54
punta arenas to puerto natales,0,1,0%,54
punta arenas to ushuaia bus,0,1,0%,54
como se llega a puerto williams,0,1,0%,55
ferry puerto natales a puerto montt,0,1,0%,55
taxi en puerto natales,0,1,0%,55
el estrecho de magallanes,0,1,0%,56
ferry punta arenas puerto montt,0,1,0%,56
punta del viento,0,1,0%,56
recetas merluza austral,0,1,0%,56
a la brasa,0,1,0%,57
cruz del sur chile,0,1,0%,57
distancia puerto natales a torres del paine,0,1,0%,57
magallanes estrecho,0,1,0%,57
mall espacio urbano punta arenas,0,1,0%,57
monumento al ovejero,0,1,0%,57
restaurante comida casera,0,1,0%,57
aduana rio gallegos,0,1,0%,58
hostales en punta arenas,0,1,0%,58
la patagonia es de chile o argentina,0,1,0%,58
restaurantes de marisco,0,1,0%,58
rio verde chile,0,1,0%,58
aves de magallanes,0,1,0%,59
bus ushuaia punta arenas,0,1,0%,59
distancia puerto montt punta arenas,0,1,0%,59
seno skyring,0,1,0%,59
cruz del sur internacional,0,1,0%,60
estrecho de magallanes turismo,0,1,0%,60
horario museo historia natural,0,1,0%,60
hostel punta arenas,0,1,0%,60
las brasas,0,1,0%,60
monumentos de punta arenas,0,1,0%,60
seguro obligatorio rci argentina,0,1,0%,60
ushuaia punta arenas,0,1,0%,60
alberto agostini national park,0,1,0%,61
punta arenas mall,0,1,0%,61
transfer puerto natales,0,1,0%,61
bares,0,1,0%,62
bus puerto natales punta arenas,0,1,0%,62
espacio urbano punta arenas,0,1,0%,62
how to get from punta arenas to ushuaia,0,1,0%,62
seguros rci argentina,0,1,0%,62
terminal punta arenas,0,1,0%,62
como llegar a ushuaia desde chile,0,1,0%,63
distancia punta arenas santiago,0,1,0%,63
puerto williams como llegar,0,1,0%,63
puq aeropuerto,0,1,0%,63
restaurantes de comida china cerca de mi,0,1,0%,63
savoy,0,1,0%,63
seguro mercosur,0,1,0%,63
cafeteria en punta arenas,0,1,0%,64
gray glacier patagonia,0,1,0%,64
museo en punta arenas,0,1,0%,64
punta arenas to ushuaia ferry,0,1,0%,64
punta arenas turismo,0,1,0%,64
punta de arenas chile,0,1,0%,64
sara braun,0,1,0%,64
seguro argentina rci,0,1,0%,64
donde comer,0,1,0%,65
el faro san isidro,0,1,0%,65
invierno punta arenas,0,1,0%,65
museo de historia natural horarios,0,1,0%,65
puerto natales to punta arenas,0,1,0%,65
restaurante de comida china cerca de mí,0,1,0%,65
bar con musica en vivo,0,1,0%,66
barra cerca de mí,0,1,0%,66
buses punta arenas puerto natales,0,1,0%,66
busesfernandez.com,0,1,0%,66
mirador cerro de la virgen,0,1,0%,66
milcao que es,0,1,0%,67
puerto natales a punta arenas,0,1,0%,67
restaurantes mariscos cerca de mí,0,1,0%,67
viaje desde punta arenas a puerto montt,0,1,0%,67
año nuevo en,0,1,0%,68
disco bar,0,1,0%,68
donde queda la patagonia,0,1,0%,68
gray glacier chile,0,1,0%,68
la patagonia en chile,0,1,0%,68
museo punta arenas,0,1,0%,68
ferry punta arenas,0,1,0%,69
habitantes punta arenas,0,1,0%,69
isla porvenir,0,1,0%,69
plaza punta arenas,0,1,0%,69
puerto williams a punta arenas,0,1,0%,69
punta arenas ushuaia,0,1,0%,69
seguro mercosur argentina,0,1,0%,69
punta arenas a puerto williams,0,1,0%,70
cementerio de punta arenas,0,1,0%,71
cueva milodon,0,1,0%,71
estancia san gregorio,0,1,0%,71
grey glacier patagonia,0,1,0%,71
locales de comida,0,1,0%,71
que hacer en punta arenas chile,0,1,0%,71
agencia de turismo en punta arenas,0,1,0%,72
agencias de turismo en punta arenas,0,1,0%,72
buses punta arenas,0,1,0%,72
cementerio municipal punta arenas,0,1,0%,72
curanto chileno,0,1,0%,72
monumento al indio,0,1,0%,72
restaurante mariscos cerca de mí,0,1,0%,72
seguro mercosur auto,0,1,0%,72
cuantos habitantes tiene punta arenas,0,1,0%,73
fiesta año nuevo,0,1,0%,73
patagonia chilena chile,0,1,0%,73
punta arenas tours,0,1,0%,73
restaurante de mariscos cerca de mi,0,1,0%,73
faro san isidro,0,1,0%,74
ostras de mar,0,1,0%,74
milcao chileno,0,1,0%,75
pingüino rey chile,0,1,0%,75
poblacion punta arenas,0,1,0%,75
seguro de responsabilidad civil internacional para viajar a argentina,0,1,0%,75
estrecho magallanes,0,1,0%,76
grey glacier chile,0,1,0%,76
pali aike punta arenas,0,1,0%,76
zona franca,0,1,0%,76
auroras australes punta arenas,0,1,0%,77
centolla magallanica,0,1,0%,77
fuerte bulnes historia,0,1,0%,77
aguas termales en el sur de chile,0,1,0%,78
fuerte bulnes punta arenas,0,1,0%,78
seguro vehicular para viajar a argentina,0,1,0%,78
que hacer en punta arenas,0,1,0%,79
viaja por libre torres del paine,0,1,0%,79
argentina chile patagonia,0,1,0%,80
fiesta fin de año,0,1,0%,80
penguins punta arenas,0,1,0%,80
pinguino rey punta arenas,0,1,0%,80
seguro para cruzar a chile,0,1,0%,80
aguas termales cerca de mi,0,1,0%,81
noche de año nuevo,0,1,0%,81
seguro viaje argentina auto,0,1,0%,81
la cruz del sur,0,1,0%,82
la patagonia chile,0,1,0%,82
seguro auto viaje argentina,0,1,0%,82
seguro para vehiculo para viajar a argentina,0,1,0%,82
auroras australes chile,0,1,0%,83
estrecho de magallanes chile,0,1,0%,83
lago grey,0,1,0%,83
ostras chile,0,1,0%,83
seguro obligatorio para viajar a argentina,0,1,0%,83
seguro para salir de chile a argentina,0,1,0%,83
cementerio municipal sara braun,0,1,0%,84
chile argentina patagonia,0,1,0%,84
curante,0,1,0%,84
leyendas de la zona sur,0,1,0%,84
pinguino isla magdalena,0,1,0%,84
torres del paine glaciar grey,0,1,0%,84
comida china restaurantes,0,1,0%,85
estrechos de magallanes,0,1,0%,85
fiesta de fin de ano,0,1,0%,85
la patagonia chilena,0,1,0%,85
restaurante chino,0,1,0%,85
seguro argentina auto,0,1,0%,85
patagonia chile y argentina,0,1,0%,86
seguro auto argentina,0,1,0%,86
seguro automovil para viajar a argentina,0,1,0%,86
seguro para viajar a argentina valor,0,1,0%,86
aurora austral chile,0,1,0%,87
fiesta de año nuevo,0,1,0%,87
fort bulnes,0,1,0%,87
locales de comida china,0,1,0%,87
glaciar torres del paine,0,1,0%,88
puerto natales torres del paine,0,1,0%,88
punta arenas pinguinos,0,1,0%,88
curantos,0,1,0%,89
ostras,0,1,0%,91
tour a fuerte bulnes,0,1,0%,91
las mejores termas del sur de chile,0,1,0%,92
lugares donde pasar año nuevo,0,1,0%,93
eventos fin de año,0,1,0%,94
caminata glaciar grey,0,1,0%,95
chile patagonia,0,1,0%,95
grey glacier,0,1,0%,97
vida nocturna en punta arenas,0,1,0%,98