Páginas principales,Clics,Impresiones,CTR,Posición
https://visitandopuntaarenas.cl/transporte/recorridos-de-micros/,34,679,5.01%,6.34
https://visitandopuntaarenas.cl/transporte/,7,256,2.73%,7.89
https://visitandopuntaarenas.cl/restaurantes/quincho-costanera-punta-arenas/,4,34,11.76%,7.44
https://visitandopuntaarenas.cl/turismo/termas-punta-arenas/,3,46,6.52%,11.57
https://visitandopuntaarenas.cl/restaurante/restaurant-emporio-okusa-punta-arenas/,2,251,0.8%,12.19
https://visitandopuntaarenas.cl/restaurantes/pub-restaurante/,2,108,1.85%,19.36
https://visitandopuntaarenas.cl/animales/,2,13,15.38%,15.31
https://visitandopuntaarenas.cl/iglesias-y-catedrales/parroquia-padre-pio-de-pietrelcina/,2,12,16.67%,7.17
https://visitandopuntaarenas.cl/transporte/cruce-porvenir-punta-arenas/,1,384,0.26%,8.86
https://visitandopuntaarenas.cl/transporte/recorridos-de-micros/#que_micro_me_sirve_segun_mi_destino,1,364,0.27%,5.94
https://visitandopuntaarenas.cl/restaurantes/sandwich/la-esquina-del-sandwich-punta-arenas/,1,308,0.32%,4.92
https://visitandopuntaarenas.cl/parque/virgen-de-monserrat/,1,56,1.79%,8.21
https://visitandopuntaarenas.cl/restaurantes/restaurant-emporio-okusa-punta-arenas/,1,36,2.78%,8.97
https://visitandopuntaarenas.cl/restaurantes/sandwich/comida-quincho-bories-punta-arenas/,1,34,2.94%,8.88
https://visitandopuntaarenas.cl/restaurantes/chino/ippai-ramen-punta-arenas/,1,21,4.76%,8.43
https://visitandopuntaarenas.cl/parque/parque-chabunco/,1,17,5.88%,7.41
https://visitandopuntaarenas.cl/buses/buses-barria-punta-arenas/,1,14,7.14%,13.29
https://visitandopuntaarenas.cl/buses/agencia-tur-bus-punta-arenas/,1,12,8.33%,9.92
https://visitandopuntaarenas.cl/restaurantes/cafeteria/muy-cuqui-punta-arenas/,1,6,16.67%,8.33
https://visitandopuntaarenas.cl/tiendas/campamento-base-tu-companero-de-aventuras-en-la-naturaleza/,1,5,20%,10.4
https://visitandopuntaarenas.cl/joyeria/unico-joyeria-punta-arenas/,1,4,25%,17
https://visitandopuntaarenas.cl/restaurantes/restaurant-toulouse-punta-arenas/,1,3,33.33%,2.33
https://visitandopuntaarenas.cl/restaurantes/restaurant-buena-onda-punta-arenas/,1,2,50%,3
https://visitandopuntaarenas.cl/turismo/que-hacer-en-punta-arenas-gratis/,1,1,100%,12
https://visitandopuntaarenas.cl/transporte/recorridos-de-micros/#como_se_paga_la_micro_en_punta_arenas,0,364,0%,5.94
https://visitandopuntaarenas.cl/a-que-hora-se-oscurece/,0,327,0%,8.02
https://visitandopuntaarenas.cl/santiago/,0,271,0%,9.52
https://visitandopuntaarenas.cl/restaurantes/sandwich/la-esquina-del-sandwich-punta-arenas/#datos_de_ubicacion_y_contacto,0,217,0%,5.27
https://visitandopuntaarenas.cl/restaurantes/sandwich/la-esquina-del-sandwich-punta-arenas/#kiosko_roca_o_la_esquina_del_sandwich_,0,217,0%,5.27
https://visitandopuntaarenas.cl/restaurantes/sandwich/la-esquina-del-sandwich-punta-arenas/#precios_y_horarios_actualizado_2026_,0,217,0%,5.27
https://visitandopuntaarenas.cl/restaurantes/sandwich/la-esquina-del-sandwich-punta-arenas/#el_rey_de_la_carta_lomito_completo,0,215,0%,5.31
https://visitandopuntaarenas.cl/transporte/#principales_ciudades_donde_viajar_desde_punta_arenas,0,181,0%,6.67
https://visitandopuntaarenas.cl/transporte/#que_tipo_de_servicio_de_transporte_necesitas_,0,181,0%,6.67
https://visitandopuntaarenas.cl/transporte/#red_punta_arenas_de_movilidad_el_transporte_publico_del_futuro,0,181,0%,6.67
https://visitandopuntaarenas.cl/santiago/#santiago_a_punta_arenas_en_auto,0,100,0%,6.78
https://visitandopuntaarenas.cl/coyhaique/,0,96,0%,9.17
https://visitandopuntaarenas.cl/santiago/#distancia_santiago_punta_arenas_cuantos_kilometros_son,0,95,0%,6.73
https://visitandopuntaarenas.cl/horario-preciso-del-amanecer-en-punta-arenas-chile/,0,95,0%,10.09
https://visitandopuntaarenas.cl/santiago/#santiago_a_punta_arenas_en_avion,0,85,0%,6.8
https://visitandopuntaarenas.cl/santiago/#santiago_a_punta_arenas_en_bus,0,82,0%,6.82
https://visitandopuntaarenas.cl/santiago/#costos_que_alternativa_suele_salir_mejor,0,81,0%,6.78
https://visitandopuntaarenas.cl/seguro-obligatorio-para-viajar-a-argentina/,0,70,0%,78.06
https://visitandopuntaarenas.cl/restaurantes/sandwich/lomitos-punta-arenas/,0,68,0%,9.54
https://visitandopuntaarenas.cl/restaurantes/a-brasas-restaurant-punta-arenas/,0,59,0%,14.08
https://visitandopuntaarenas.cl/,0,59,0%,37.05
https://visitandopuntaarenas.cl/restaurantes/sandwich/el-rincon-de-moe-punta-arenas/,0,48,0%,8.46
https://visitandopuntaarenas.cl/restaurantes/status-restaurant-punta-arenas/,0,44,0%,8.82
https://visitandopuntaarenas.cl/parque/virgen-de-monserrat/#como_llegar_al_santuario_de_la_virgen_en_rio_verde_desde_punta_arenas,0,42,0%,8.21
https://visitandopuntaarenas.cl/parque/virgen-de-monserrat/#virgen_de_montserrat_punta_arenas_historias_de_milagros_y_mandas,0,42,0%,8.21
https://visitandopuntaarenas.cl/iglesias-y-catedrales/parroquia-cristo-obrero/,0,41,0%,7.98
https://visitandopuntaarenas.cl/restaurantes/,0,41,0%,32.05
https://visitandopuntaarenas.cl/restaurantes/pub-restaurante/ole-tapas-copas-punta-arenas/,0,40,0%,8.6
https://visitandopuntaarenas.cl/parque/virgen-de-monserrat/#historia_y_significado_de_la_virgen_de_montserrat_en_chile,0,39,0%,8.21
https://visitandopuntaarenas.cl/parque/virgen-de-monserrat/#rio_verde_punta_arenas_un_destino_natural_imprescindible,0,39,0%,8.21
https://visitandopuntaarenas.cl/restaurantes/pub-restaurante/pub-colonial/,0,38,0%,8.18
https://visitandopuntaarenas.cl/torres-del-paine/desde-puerto-natales-a-torres-del-paine/,0,36,0%,81.22
https://visitandopuntaarenas.cl/restaurantes/pub-restaurante/la-perla-del-estrecho-punta-arenas/,0,32,0%,7.41
https://visitandopuntaarenas.cl/parque/reserva-magallanes/,0,32,0%,16.44
https://visitandopuntaarenas.cl/cultura/cuales-son-las-leyendas-locales-de-punta-arenas/,0,29,0%,9.69
https://visitandopuntaarenas.cl/gastronomia/donde-comer-centolla-en-punta-arenas/,0,28,0%,12.25
https://visitandopuntaarenas.cl/restaurantes/la-cuisine-punta-arenas/,0,27,0%,12.11
https://visitandopuntaarenas.cl/restaurantes/chino/,0,27,0%,35.59
https://visitandopuntaarenas.cl/blog/donde-comienza-la-patagonia-chilena/,0,27,0%,62.41
https://visitandopuntaarenas.cl/gastronomia/donde-comer-centolla-en-punta-arenas/#mejores_lugares_para_comer_centolla_en_punta_arenas,0,26,0%,8.77
https://visitandopuntaarenas.cl/gastronomia/donde-comer-centolla-en-punta-arenas/#precios_orientativos_de_la_centolla_en_punta_arenas,0,26,0%,8.77
https://visitandopuntaarenas.cl/barcaza-de-puerto-montt-a-puerto-natales/,0,26,0%,37.81
https://visitandopuntaarenas.cl/gastronomia/donde-comer-centolla-en-punta-arenas/#donde_comprar_centolla_fresca_en_punta_arenas,0,25,0%,8.92
https://visitandopuntaarenas.cl/restaurantes/sandwich/familys-sandwich-punta-arenas/,0,24,0%,7.29
https://visitandopuntaarenas.cl/restaurantes/mamut-restaurante-punta-arenas-punta-arenas/,0,24,0%,8.88
https://visitandopuntaarenas.cl/restaurantes/restaurant-damiana-elena-punta-arenas/,0,24,0%,9.38
https://visitandopuntaarenas.cl/restaurantes/la-carioca-punta-arenas/,0,24,0%,9.79
https://visitandopuntaarenas.cl/restaurantes/chino/xiaoyan-gourmet-punta-arenas/,0,24,0%,15.04
https://visitandopuntaarenas.cl/restaurantes/restaurant-savoy-punta-arenas/,0,24,0%,28.58
https://visitandopuntaarenas.cl/restaurantes/cafeteria/cafeteria-history-coffee/,0,23,0%,8.48
https://visitandopuntaarenas.cl/restaurantes/restaurant-san-telmo-punta-arenas/,0,23,0%,9.17
https://visitandopuntaarenas.cl/municipalidad/,0,23,0%,22.83
https://visitandopuntaarenas.cl/estrecho-de-magallanes/,0,23,0%,63.61
https://visitandopuntaarenas.cl/restaurantes/restaurant-emporio-okusa-punta-arenas/#menu_de_okusa_que_pedir,0,22,0%,9
https://visitandopuntaarenas.cl/restaurantes/restaurant-emporio-okusa-punta-arenas/#precios_y_cuando_conviene_ir,0,22,0%,9
https://visitandopuntaarenas.cl/restaurantes/restaurant-emporio-okusa-punta-arenas/#que_hace_especial_a_restaurant_amp_emporio_okusa,0,22,0%,9
https://visitandopuntaarenas.cl/restaurantes/pub-restaurante/pub-los-brujos/,0,22,0%,9.95
https://visitandopuntaarenas.cl/restaurantes/pizzeria/cuatro-estaciones-pizzeria-punta-arenas/,0,21,0%,10.81
https://visitandopuntaarenas.cl/plaza-de-armas-munoz-gamero/indio-patagon-punta-arenas/,0,21,0%,20.24
https://visitandopuntaarenas.cl/buses/buses-cruz-del-sur-pasajes/,0,21,0%,36.67
https://visitandopuntaarenas.cl/ushuaia/,0,21,0%,57.24
https://visitandopuntaarenas.cl/laguna-lynch/,0,20,0%,9.3
https://visitandopuntaarenas.cl/restaurantes/tenedor-libre-un-paladar-magico/,0,20,0%,10.6
https://visitandopuntaarenas.cl/restaurantes/restaurantes-de-mariscos/,0,20,0%,39
https://visitandopuntaarenas.cl/restaurantes/sushi/enoki-sushi-punta-arenas/,0,19,0%,5.68
https://visitandopuntaarenas.cl/restaurantes/el-arriero-restaurant-punta-arenas/,0,17,0%,11.06
https://visitandopuntaarenas.cl/iglesias-y-catedrales/parroquia-nuestra-senora-de-fatima/,0,17,0%,14.18
https://visitandopuntaarenas.cl/museos/museo-salesiano-maggiorino-borgatello/,0,17,0%,15.88
https://visitandopuntaarenas.cl/antartica/,0,17,0%,16.76
https://visitandopuntaarenas.cl/puerto-montt/,0,17,0%,38.59
https://visitandopuntaarenas.cl/tours/,0,17,0%,71.76
https://visitandopuntaarenas.cl/parque/parque-chabunco/#actividades_imperdibles_en_el_parque_chabunco_senderismo_avistamiento_de_aves_y_picnics_cerca_de_punta_arenas,0,16,0%,7.44
https://visitandopuntaarenas.cl/parque/parque-chabunco/#recorriendo_los_senderos_del_parque_chabunco,0,16,0%,7.44
https://visitandopuntaarenas.cl/buses/buses-pacheco/,0,16,0%,10.06
https://visitandopuntaarenas.cl/buses/marga-taqsa/,0,16,0%,11.44
https://visitandopuntaarenas.cl/restaurantes/pub-restaurante/club-k/,0,16,0%,16
https://visitandopuntaarenas.cl/rio-gallegos/,0,16,0%,16.44
https://visitandopuntaarenas.cl/parroquia-catedral/,0,16,0%,22.31
https://visitandopuntaarenas.cl/parque/reserva-magallanes/#como_llegar_a_la_reserva_nacional_magallanes_desde_punta_arenas_,0,15,0%,9.8
https://visitandopuntaarenas.cl/parque/reserva-magallanes/#flora_y_fauna_la_biodiversidad_de_magallanes,0,15,0%,9.8
https://visitandopuntaarenas.cl/parque/reserva-magallanes/#por_que_visitar_la_reserva_forestal_magallanes_,0,15,0%,9.8
https://visitandopuntaarenas.cl/parque/reserva-magallanes/#que_es_la_reserva_nacional_magallanes_y_donde_queda_,0,15,0%,9.8
https://visitandopuntaarenas.cl/parque/reserva-magallanes/#senderos_y_actividades_en_el_parque_japones_de_punta_arenas,0,15,0%,9.8
https://visitandopuntaarenas.cl/logistica/cuanto-cuesta-el-ferry-de-punta-arenas-a-puerto-williams/,0,15,0%,42.6
https://visitandopuntaarenas.cl/iglesias-y-catedrales/parroquia-santa-teresa-de-los-andes/,0,14,0%,5.64
https://visitandopuntaarenas.cl/parque/parque-maria-behety/,0,14,0%,8
https://visitandopuntaarenas.cl/restaurantes/sushi/entre-ollas-y-sartenes-punta-arenas/,0,14,0%,9.36
https://visitandopuntaarenas.cl/localidades/rio-san-juan-punta-arenas/,0,14,0%,14.64
https://visitandopuntaarenas.cl/buses/bus-sur/,0,14,0%,26.14
https://visitandopuntaarenas.cl/buses/,0,14,0%,43.36
https://visitandopuntaarenas.cl/geografia/cuales-son-las-diferencias-entre-la-patagonia-chilena-y-la-patagonia-argentina/,0,14,0%,74.79
https://visitandopuntaarenas.cl/blog/como-se-celebra-el-ano-nuevo-en-punta-arenas/,0,14,0%,82.36
https://visitandopuntaarenas.cl/glaciares/glaciar-grey/,0,14,0%,82.64
https://visitandopuntaarenas.cl/antartica/#formas_de_viajar_a_la_antartica_desde_punta_arenas,0,13,0%,10
https://visitandopuntaarenas.cl/antartica/#guias_para_planificar_tu_viaje_a_la_antartica_desde_punta_arenas,0,13,0%,10
https://visitandopuntaarenas.cl/barrios/barrio-croata/,0,13,0%,13.15
https://visitandopuntaarenas.cl/plaza-de-armas-munoz-gamero/,0,13,0%,23.77
https://visitandopuntaarenas.cl/restaurantes/restaurantes-de-carnes/,0,13,0%,34.08
https://visitandopuntaarenas.cl/parque/fuerte-bulnes/,0,13,0%,78.31
https://visitandopuntaarenas.cl/restaurantes/a-brasas-restaurant-punta-arenas/#menu_de_a_brasas_restaurant_punta_arenas,0,12,0%,8
https://visitandopuntaarenas.cl/restaurantes/a-brasas-restaurant-punta-arenas/#opiniones_de_a_brasas_punta_arenas,0,12,0%,8
https://visitandopuntaarenas.cl/parque/parque-chabunco/#como_llegar_al_parque_chabunco_punta_arenas_,0,12,0%,8.33
https://visitandopuntaarenas.cl/restaurantes/restaurante-azuca-beach-puq-punta-arenas/,0,12,0%,10.17
https://visitandopuntaarenas.cl/restaurantes/restaurant-damiana-elena-punta-arenas/#precios_y_reserva,0,12,0%,10.58
https://visitandopuntaarenas.cl/restaurantes/restaurant-damiana-elena-punta-arenas/#que_esperar_del_menu_de_damiana_elena,0,12,0%,10.58
https://visitandopuntaarenas.cl/mercado-municipal/,0,12,0%,12.67
https://visitandopuntaarenas.cl/buses/buses-fernandez/,0,12,0%,31.25
https://visitandopuntaarenas.cl/restaurantes/restaurant-sabores-punta-arenas/,0,12,0%,47.42
https://visitandopuntaarenas.cl/puerto-natales/,0,12,0%,58.25
https://visitandopuntaarenas.cl/isla-magdalena/,0,12,0%,84.58
https://visitandopuntaarenas.cl/horario-preciso-del-amanecer-en-punta-arenas-chile/#a_que_hora_amanece_en_punta_arenas_,0,11,0%,7.82
https://visitandopuntaarenas.cl/horario-preciso-del-amanecer-en-punta-arenas-chile/#disfrutando_del_amanecer_en_punta_arenas,0,11,0%,7.82
https://visitandopuntaarenas.cl/museos/museo-salesiano-maggiorino-borgatello/#como_visitar_el_museo_horarios_e_informacion_practica,0,11,0%,8.36
https://visitandopuntaarenas.cl/museos/museo-salesiano-maggiorino-borgatello/#las_colecciones_del_museo_historia_viva,0,11,0%,8.36
https://visitandopuntaarenas.cl/museos/museo-salesiano-maggiorino-borgatello/#un_legado_que_conecta_generaciones,0,11,0%,8.36
https://visitandopuntaarenas.cl/aeropuerto/costo-promedio-taxi-aeropuerto/,0,11,0%,11
https://visitandopuntaarenas.cl/mall-espacio-urbano-pionero/,0,11,0%,43
https://visitandopuntaarenas.cl/zona-franca/,0,11,0%,48.55
https://visitandopuntaarenas.cl/puerto-williams/,0,11,0%,58
https://visitandopuntaarenas.cl/restaurantes/pub-restaurante/pub-colonial/#la_experiencia_en_el_pub_colonial_ambiente_y_servicio,0,10,0%,6.9
https://visitandopuntaarenas.cl/restaurantes/pub-restaurante/pub-colonial/#precios_y_menu_que_esperar_en_2025_,0,10,0%,6.9
https://visitandopuntaarenas.cl/horario-preciso-del-amanecer-en-punta-arenas-chile/#factores_que_influyen_en_el_amanecer_en_punta_arenas,0,10,0%,7.4
https://visitandopuntaarenas.cl/horario-preciso-del-amanecer-en-punta-arenas-chile/#los_mejores_lugares_para_ver_el_amanecer_en_punta_arenas,0,10,0%,7.4
https://visitandopuntaarenas.cl/tiendas/balfer/,0,10,0%,8.9
https://visitandopuntaarenas.cl/antartica/#compara_las_opciones_antes_de_decidir,0,10,0%,10.2
https://visitandopuntaarenas.cl/antartica/#guias_utiles_para_planificar_tu_viaje,0,10,0%,10.2
https://visitandopuntaarenas.cl/antartica/#que_opcion_elegir_segun_tu_perfil_,0,10,0%,10.2
https://visitandopuntaarenas.cl/turismo/viajar-de-santiago-a-punta-arenas-en-auto/,0,10,0%,10.3
https://visitandopuntaarenas.cl/zona-franca/libreria-que-leo-punta-arenas/,0,10,0%,19.5
https://visitandopuntaarenas.cl/buses/queilen-bus/,0,10,0%,38.7
https://visitandopuntaarenas.cl/naturaleza-viajes/avistamiento-de-ballenas-estrecho-de-magallanes/,0,10,0%,41.5
https://visitandopuntaarenas.cl/gastronomia/merluza-austral-a-la-plancha-o-frita/,0,10,0%,63.3
https://visitandopuntaarenas.cl/restaurantes/la-casona-peruana-punta-arenas/,0,9,0%,7.67
https://visitandopuntaarenas.cl/viajes/guia-completa-como-viajar-de-bariloche-a-punta-arenas/,0,9,0%,8.33
https://visitandopuntaarenas.cl/buses/buses-el-pinguino/,0,9,0%,10.56
https://visitandopuntaarenas.cl/restaurantes/restaurante-donde-mariano-punta-arenas/,0,9,0%,11.78
https://visitandopuntaarenas.cl/aeropuerto/,0,9,0%,46
https://visitandopuntaarenas.cl/faro-san-isidro/,0,9,0%,62
https://visitandopuntaarenas.cl/gastronomia/curanto-en-olla/,0,9,0%,74.67
https://visitandopuntaarenas.cl/cultura/cual-es-el-himno-de-punta-arenas/,0,8,0%,7.88
https://visitandopuntaarenas.cl/monumento-al-viento/,0,8,0%,16.62
https://visitandopuntaarenas.cl/restaurantes/restaurant-sotitos-bar/,0,8,0%,28.62
https://visitandopuntaarenas.cl/tiendas/,0,8,0%,30.12
https://visitandopuntaarenas.cl/museos/museo-de-sitio-nao-victoria/,0,8,0%,43.5
https://visitandopuntaarenas.cl/historia/estancia-san-gregorio/,0,8,0%,52.75
https://visitandopuntaarenas.cl/parque/cabo-froward/,0,8,0%,76.62
https://visitandopuntaarenas.cl/restaurantes/tenedor-libre-un-paladar-magico/#datos_de_ubicacion_y_contacto_de_tenedor_libre_nuevo_siglo_nbsp_,0,7,0%,7.86
https://visitandopuntaarenas.cl/restaurantes/tenedor-libre-un-paladar-magico/#opinion_de_quienes_han_ido_a_tenedor_libre_un_paladar_magico,0,7,0%,7.86
https://visitandopuntaarenas.cl/restaurantes/tenedor-libre-un-paladar-magico/#por_que_elegir_tenedor_libre_un_paladar_magico_,0,7,0%,7.86
https://visitandopuntaarenas.cl/buses/buses-el-pinguino/#buses_el_ping_ino_en_punta_arenas_la_mejor_opcion_para_tu_viaje,0,7,0%,8.57
https://visitandopuntaarenas.cl/buses/buses-el-pinguino/#por_que_elegir_buses_el_ping_ino_para_tu_proxima_aventura_,0,7,0%,8.57
https://visitandopuntaarenas.cl/tiendas/karibu-elegancia-y-distincion-en-joyeria-de-plata/,0,7,0%,8.86
https://visitandopuntaarenas.cl/restaurantes/cafeteria/cafeteria-la-vianda-experiencia-en-cocavi-regional-en-punta-arenas-magallanes-y-antartica-chilena/,0,7,0%,10.29
https://visitandopuntaarenas.cl/hermandad-compra-y-venta/,0,7,0%,16
https://visitandopuntaarenas.cl/logistica/arrendar-moto-bicicleta/,0,7,0%,17.86
https://visitandopuntaarenas.cl/transporte/cuanto-se-demora-un-avion-de-concepcion-a-punta-arenas/,0,7,0%,30.71
https://visitandopuntaarenas.cl/cementerio-municipal/,0,7,0%,52
https://visitandopuntaarenas.cl/alojamiento/hostales/,0,7,0%,59.29
https://visitandopuntaarenas.cl/cueva-del-milodon/,0,7,0%,67
https://visitandopuntaarenas.cl/transporte/cuanto-demora-el-ferry-de-puerto-montt-a-puerto-natales/,0,7,0%,74.14
https://visitandopuntaarenas.cl/aeropuerto/costo-promedio-taxi-aeropuerto/#cuanto_cuesta_un_taxi_desde_el_aeropuerto_de_punta_arenas_al_centro_,0,6,0%,8.67
https://visitandopuntaarenas.cl/aeropuerto/costo-promedio-taxi-aeropuerto/#factores_que_pueden_influir_en_el_costo_del_taxi_desde_el_aeropuerto_de_punta_arenas,0,6,0%,8.67
https://visitandopuntaarenas.cl/turismo/viajar-de-santiago-a-punta-arenas-en-auto/#ir_en_auto_a_punta_arenas_la_ruta_para_los_que_disfrutan_del_viaje_no_solo_del_destino,0,6,0%,9.33
https://visitandopuntaarenas.cl/turismo/viajar-de-santiago-a-punta-arenas-en-auto/#planifica_tu_viaje_de_santiago_a_punta_arenas,0,6,0%,9.33
https://visitandopuntaarenas.cl/turismo/viajar-de-santiago-a-punta-arenas-en-auto/#volar_de_santiago_a_punta_arenas_cuando_el_tiempo_y_la_comodidad_mandan,0,6,0%,9.33
https://visitandopuntaarenas.cl/turismo/viajar-de-santiago-a-punta-arenas-en-auto/#vuelos_de_punta_arenas_a_santiago,0,6,0%,9.33
https://visitandopuntaarenas.cl/restaurantes/cafeteria/cafeteria-history-coffee-en-punta-arenas-el-mejor-cafe-en-la-region-de-magallanes-y-la-antartica-chilena/,0,6,0%,9.5
https://visitandopuntaarenas.cl/logistica/requisitos-para-viajar-de-punta-arenas-a-rio-gallegos/,0,6,0%,9.83
https://visitandopuntaarenas.cl/restaurantes/donde-hueicha-punta-arenas/,0,6,0%,10
https://visitandopuntaarenas.cl/plaza-de-armas-munoz-gamero/indio-patagon-punta-arenas/#el_misterio_del_indio_desconocido,0,6,0%,11.33
https://visitandopuntaarenas.cl/plaza-de-armas-munoz-gamero/indio-patagon-punta-arenas/#la_historia_del_indio_desconocido_de_punta_arenas,0,6,0%,11.33
https://visitandopuntaarenas.cl/plaza-de-armas-munoz-gamero/indio-patagon-punta-arenas/#la_leyenda_del_indio_patagon_y_sus_tradiciones,0,6,0%,11.33
https://visitandopuntaarenas.cl/alojamiento/zona-de-acampada-en-punta-arenas/,0,6,0%,19.5
https://visitandopuntaarenas.cl/coyhaique/duracion-del-vuelo-de-coyhaique-a-punta-arenas/,0,6,0%,27.5
https://visitandopuntaarenas.cl/mirador-cerro-la-cruz/,0,6,0%,31.5
https://visitandopuntaarenas.cl/glaciares/,0,6,0%,31.83
https://visitandopuntaarenas.cl/aeropuerto-puerto-natales/,0,6,0%,57.83
https://visitandopuntaarenas.cl/naturaleza-viajes/que-hacer-en-punta-arenas-si-te-gusta-la-naturaleza/,0,6,0%,60.83
https://visitandopuntaarenas.cl/agencias/,0,6,0%,67.17
https://visitandopuntaarenas.cl/parque/parque-nacional-kawesqar/,0,6,0%,68.67
https://visitandopuntaarenas.cl/localidades/punta-arenas-habitantes/,0,6,0%,71.83
https://visitandopuntaarenas.cl/gastronomia/milcao-con-chicharrones/,0,6,0%,76.5
https://visitandopuntaarenas.cl/turismo/donde-puedo-ver-auroras-boreales-cerca-de-punta-arenas/,0,6,0%,80
https://visitandopuntaarenas.cl/cementerio-municipal/tumba-de-sara-braun/,0,6,0%,83
https://visitandopuntaarenas.cl/restaurantes/status-restaurant-punta-arenas/#ambiente_y_decoracion_de_status_restaurant_en_punta_arenas,0,5,0%,7.4
https://visitandopuntaarenas.cl/restaurantes/status-restaurant-punta-arenas/#datos_de_ubicacion_y_contacto,0,5,0%,7.4
https://visitandopuntaarenas.cl/restaurantes/status-restaurant-punta-arenas/#menu_y_especialidades_de_status_restaurant_punta_arenas,0,5,0%,7.4
https://visitandopuntaarenas.cl/restaurantes/status-restaurant-punta-arenas/#opiniones_y_rese_as_de_clientes_sobre_status_restaurant,0,5,0%,7.4
https://visitandopuntaarenas.cl/restaurantes/sushi/makisushi-punta-arenas/,0,5,0%,7.4
https://visitandopuntaarenas.cl/aeropuerto/costo-promedio-taxi-aeropuerto/#alternativas_mas_economicas_al_taxi,0,5,0%,8.4
https://visitandopuntaarenas.cl/transporte/ruta-punta-arenas-punta-delgada-porvenir-tierra-del-fuego/,0,5,0%,8.6
https://visitandopuntaarenas.cl/tiendas/balfer/#balfer_punta_arenas_equipamiento_outdoor_de_calidad_para_aventureros,0,5,0%,9.4
https://visitandopuntaarenas.cl/tiendas/balfer/#balfer_punta_arenas_la_tienda_ideal_para_tus_expediciones_en_la_patagonia,0,5,0%,9.4
https://visitandopuntaarenas.cl/tiendas/balfer/#consejos_para_elegir_el_mejor_equipamiento_outdoor_en_balfer_punta_arenas,0,5,0%,9.4
https://visitandopuntaarenas.cl/tiendas/balfer/#descubre_la_variedad_de_productos_en_balfer_punta_arenas_para_la_patagonia,0,5,0%,9.4
https://visitandopuntaarenas.cl/restaurantes/sushi/kamisushi-punta-arenas/,0,5,0%,10.2
https://visitandopuntaarenas.cl/aeropuerto/salon-vip/,0,5,0%,10.8
https://visitandopuntaarenas.cl/plaza-de-armas-munoz-gamero/indio-patagon-punta-arenas/#el_monumento_indio_patagon_arte_y_significado,0,5,0%,11.6
https://visitandopuntaarenas.cl/restaurantes/la-casa-de-dona-maria/,0,5,0%,11.6
https://visitandopuntaarenas.cl/cementerio-municipal/arboles-en-el-cementerio/,0,5,0%,11.8
https://visitandopuntaarenas.cl/buses/pullman-bus/,0,5,0%,14.8
https://visitandopuntaarenas.cl/geografia/por-donde-se-esconde-el-sol-en-chile/,0,5,0%,16
https://visitandopuntaarenas.cl/turismo/rio-verde-punta-arenas/,0,5,0%,17.6
https://visitandopuntaarenas.cl/buses/buses-barria-ghisoni/,0,5,0%,18.6
https://visitandopuntaarenas.cl/parque/humedal-tres-puentes-punta-arenas/,0,5,0%,20.2
https://visitandopuntaarenas.cl/gastronomia/,0,5,0%,28
https://visitandopuntaarenas.cl/casas-de-cambio/,0,5,0%,30.6
https://visitandopuntaarenas.cl/seno-otway/,0,5,0%,32.6
https://visitandopuntaarenas.cl/palacio-sara-braun/,0,5,0%,40
https://visitandopuntaarenas.cl/restaurantes/sandwich/kiosko-roca/,0,5,0%,55.8
https://visitandopuntaarenas.cl/parque/alberto-agostini/,0,5,0%,75
https://visitandopuntaarenas.cl/tiendas/frida-un-espacio-creativo-de-regalos-y-diseno/,0,4,0%,3.75
https://visitandopuntaarenas.cl/restaurantes/pizzeria/tante-mozza-punta-arenas/,0,4,0%,6.5
https://visitandopuntaarenas.cl/monumento-al-viento/#donde_esta_el_monumento_al_viento_en_punta_arenas_,0,4,0%,8.5
https://visitandopuntaarenas.cl/monumento-al-viento/#historia_del_monumento_al_viento,0,4,0%,8.5
https://visitandopuntaarenas.cl/coyhaique/#calculadora_de_viaje_coyhaique_a_punta_arenas,0,4,0%,9.25
https://visitandopuntaarenas.cl/coyhaique/#mapa_de_rutas,0,4,0%,9.25
https://visitandopuntaarenas.cl/coyhaique/#ruta_alternativa_por_argentina,0,4,0%,9.25
https://visitandopuntaarenas.cl/restaurantes/manifiesto-punta-arenas/,0,4,0%,10.5
https://visitandopuntaarenas.cl/restaurantes/pizzeria/mesita-grande-punta-arenas/,0,4,0%,13.5
https://visitandopuntaarenas.cl/restaurantes/restaurant-dona-ines/,0,4,0%,16.25
https://visitandopuntaarenas.cl/blog/por-que-se-celebra-el-carnaval-de-invierno-en-punta-arenas/,0,4,0%,28.75
https://visitandopuntaarenas.cl/parque/club-andino-punta-arenas/,0,4,0%,31.25
https://visitandopuntaarenas.cl/buses/como-ir-de-punta-arenas-a-ushuaia-en-bus/,0,4,0%,51.5
https://visitandopuntaarenas.cl/monumento-al-ovejero/,0,4,0%,54
https://visitandopuntaarenas.cl/restaurantes/comida-casera/,0,4,0%,62.75
https://visitandopuntaarenas.cl/gastronomia/cordero-al-palo/,0,4,0%,71.75
https://visitandopuntaarenas.cl/parque/parque-nacional-cabo-de-hornos/,0,4,0%,79.25
https://visitandopuntaarenas.cl/joyeria/unico-joyeria-punta-arenas/#datos_de_ubicacion_y_contacto,0,3,0%,2.67
https://visitandopuntaarenas.cl/joyeria/unico-joyeria-punta-arenas/#que_productos_ofrece_unico_joyeria_,0,3,0%,2.67
https://visitandopuntaarenas.cl/gastronomia/torta-magallanica/,0,3,0%,5
https://visitandopuntaarenas.cl/localidades/rio-seco-punta-arenas/,0,3,0%,7.33
https://visitandopuntaarenas.cl/parque/reserva-magallanes/circuito-las-lengas/,0,3,0%,8.33
https://visitandopuntaarenas.cl/coyhaique/#caracteristicas_de_cada_destino,0,3,0%,8.67
https://visitandopuntaarenas.cl/coyhaique/#comparativa_de_medios_de_transporte,0,3,0%,8.67
https://visitandopuntaarenas.cl/coyhaique/#viaje_en_avion,0,3,0%,8.67
https://visitandopuntaarenas.cl/transporte/punta-arenas-a-porvenir/,0,3,0%,8.67
https://visitandopuntaarenas.cl/monumento-al-viento/#como_llegar_y_que_esperar_de_tu_visita,0,3,0%,9.33
https://visitandopuntaarenas.cl/monumento-al-viento/#el_viento_como_enemigo_y_musa_la_escultura_que_se_rindio,0,3,0%,9.33
https://visitandopuntaarenas.cl/monumento-al-viento/#preguntas_frecuentes_sobre_el_monumento_al_viento,0,3,0%,9.33
https://visitandopuntaarenas.cl/restaurantes/sushi/el-jardin-de-las-delicias-sushi-punta-arenas/,0,3,0%,9.33
https://visitandopuntaarenas.cl/geografia/que-ciudad-de-argentina-esta-mas-cerca-de-coyhaique/,0,3,0%,9.67
https://visitandopuntaarenas.cl/wp-content/uploads/2026/01/Menu_Cuatro_Estaciones_Pizzeria.pdf,0,3,0%,10.33
https://visitandopuntaarenas.cl/localidades/ruta-255-punta-arenas/,0,3,0%,11.67
https://visitandopuntaarenas.cl/restaurantes/sandwich/,0,3,0%,14.67
https://visitandopuntaarenas.cl/restaurantes/pub-restaurante/tabla-rb-punta-arenas/,0,3,0%,17
https://visitandopuntaarenas.cl/joyeria/joyeria-magallanes-punta-arenas/,0,3,0%,18.67
https://visitandopuntaarenas.cl/restaurantes/chino/buda-express-magallanes-punta-arenas/,0,3,0%,19.33
https://visitandopuntaarenas.cl/hostales/hostel-dona-anita/,0,3,0%,22
https://visitandopuntaarenas.cl/localidades/ruta-9-punta-arenas/,0,3,0%,27.67
https://visitandopuntaarenas.cl/restaurantes/cafeteria/cafe-sarmiento-punta-arenas/,0,3,0%,28.33
https://visitandopuntaarenas.cl/restaurantes/pizzeria/,0,3,0%,31.33
https://visitandopuntaarenas.cl/miradores/,0,3,0%,42
https://visitandopuntaarenas.cl/turismo/fiordos-australes-ferry-tabsa-caleta-tortel-a-natales/,0,3,0%,42.67
https://visitandopuntaarenas.cl/restaurantes/cafeteria/,0,3,0%,47.33
https://visitandopuntaarenas.cl/blog/es-punta-arenas-un-buen-lugar-para-vivir/,0,3,0%,53.67
https://visitandopuntaarenas.cl/restaurantes/restaurante-pali-aike-punta-arenas/,0,3,0%,57.67
https://visitandopuntaarenas.cl/parque/,0,3,0%,62.67
https://visitandopuntaarenas.cl/museos/museo-sara-braun/,0,3,0%,65.33
https://visitandopuntaarenas.cl/museos/museo-de-historia-natural/,0,3,0%,70.67
https://visitandopuntaarenas.cl/gastronomia/ostras-de-la-region-de-ultima-esperanza/,0,3,0%,82.67
https://visitandopuntaarenas.cl/restaurantes/restaurant-buena-onda-punta-arenas/#conoce_el_restaurant_buena_onda_puq,0,2,0%,3
https://visitandopuntaarenas.cl/restaurantes/restaurant-buena-onda-punta-arenas/#menu_y_precios_comida_casera_y_abundante_a_tu_alcance,0,2,0%,3
https://visitandopuntaarenas.cl/restaurantes/restaurant-buena-onda-punta-arenas/#nbsp_las_mejores_picadas_para_comer_en_punta_arenas,0,2,0%,3
https://visitandopuntaarenas.cl/restaurantes/restaurant-buena-onda-punta-arenas/#opinion_de_quienes_han_ido_a_restaurant_buena_onda,0,2,0%,3
https://visitandopuntaarenas.cl/restaurantes/bar-restaurant-santino-punta-arenas/,0,2,0%,4
https://visitandopuntaarenas.cl/restaurantes/restaurante-ventisca-punta-arenas/,0,2,0%,6
https://visitandopuntaarenas.cl/gastronomia/calafate-en-mermelada-o-kuchen/,0,2,0%,6.5
https://visitandopuntaarenas.cl/restaurantes/pub-restaurante/jekus-punta-arenas/,0,2,0%,7
https://visitandopuntaarenas.cl/gastronomia/chupe-de-guanaco/,0,2,0%,8.5
https://visitandopuntaarenas.cl/restaurantes/magallania-seafoods-drinks-punta-arenas/,0,2,0%,9
https://visitandopuntaarenas.cl/restaurantes/sushi/se-destapo-la-olla/,0,2,0%,9
https://visitandopuntaarenas.cl/restaurantes/taberna-club-de-la-union/,0,2,0%,9.5
https://visitandopuntaarenas.cl/entretenimiento/comprar-artesanias-locales/,0,2,0%,10
https://visitandopuntaarenas.cl/joyeria/joyeria-unico-plata-925-hipoalergenica-en-zona-franca/,0,2,0%,10
https://visitandopuntaarenas.cl/buses/buses-pacheco/#caracteristicas_tecnicas_de_los_buses_pacheco,0,2,0%,10.5
https://visitandopuntaarenas.cl/buses/buses-pacheco/#ventajas_de_elegir_buses_pacheco_para_tus_viajes,0,2,0%,10.5
https://visitandopuntaarenas.cl/aeropuerto/salon-vip/#como_entrar_priority_pass_loungekey_tarjetas_premium_y_pago_directo,0,2,0%,11
https://visitandopuntaarenas.cl/aeropuerto/salon-vip/#que_es_el_salon_vip_,0,2,0%,11
https://visitandopuntaarenas.cl/aeropuerto/salon-vip/#que_ofrece_el_salon_vip_del_aeropuerto_de_punta_arenas_,0,2,0%,11
https://visitandopuntaarenas.cl/aeropuerto/salon-vip/#resumen_rapido_del_salon_vip_pacific_club,0,2,0%,11
https://visitandopuntaarenas.cl/buses/marga-taqsa/#buses_marga_taqsa_informacion_sobre_pasajes_y_precios_actualizados,0,2,0%,11
https://visitandopuntaarenas.cl/buses/marga-taqsa/#marga_taqsa_telefono_como_contactar_a_la_empresa_,0,2,0%,11
https://visitandopuntaarenas.cl/buses/marga-taqsa/#marga_taqsa_todo_lo_que_necesitas_saber_sobre_su_servicio_de_transporte,0,2,0%,11
https://visitandopuntaarenas.cl/buses/marga-taqsa/#terminal_de_buses_marga_taqsa_planifica_tu_viaje_a_punta_arenas,0,2,0%,11
https://visitandopuntaarenas.cl/restaurantes/cafeteria/cafeteria-la-mona-crespa-en-punta-arenas-horarios-opiniones-y-direccion-en-la-region-de-magallanes-y-la-antartica-chilena/,0,2,0%,11
https://visitandopuntaarenas.cl/restaurantes/sandwich/lomitos-punta-arenas/#horario_y_contacto,0,2,0%,12
https://visitandopuntaarenas.cl/restaurantes/sandwich/lomitos-punta-arenas/#opiniones_de_lomito_s_que_destaca_la_gente,0,2,0%,12
https://visitandopuntaarenas.cl/restaurantes/sandwich/lomitos-punta-arenas/#que_pedir_en_restaurant_lomito_s,0,2,0%,12
https://visitandopuntaarenas.cl/restaurantes/luans-restaurant-punta-arenas/,0,2,0%,13
https://visitandopuntaarenas.cl/restaurantes/la-picada-de-guillerno-punta-arenas-punta-arenas/,0,2,0%,14.5
https://visitandopuntaarenas.cl/geografia/monte-burney-magallanes/,0,2,0%,16
https://visitandopuntaarenas.cl/restaurantes/aquelarre-restaurante-de-turismo-punta-arenas/,0,2,0%,16
https://visitandopuntaarenas.cl/tours/tour-calafate-desde-punta-arenas/,0,2,0%,31
https://visitandopuntaarenas.cl/logistica/cuanto-se-demora-el-transbordador-de-puerto-montt-a-coyhaique/,0,2,0%,35
https://visitandopuntaarenas.cl/parque/laguna-parrillar/,0,2,0%,39.5
https://visitandopuntaarenas.cl/aeropuerto/transfer-aeropuerto/,0,2,0%,45
https://visitandopuntaarenas.cl/restaurantes/cafeteria/cafeteria-cafe-inmigrante-en-punta-arenas-la-mejor-opcion-para-disfrutar-de-cafe-y-delicias-en-la-region-de-magallanes-y-la-antartica-chilena/,0,2,0%,50
https://visitandopuntaarenas.cl/parque/pali-aike/,0,2,0%,54
https://visitandopuntaarenas.cl/glaciares/glaciar-balmaceda/,0,2,0%,67.5
https://visitandopuntaarenas.cl/museos/,0,2,0%,76
https://visitandopuntaarenas.cl/parque/parque-pinguino-rey/,0,2,0%,77.5
https://visitandopuntaarenas.cl/restaurantes/sushi/,0,2,0%,82
https://visitandopuntaarenas.cl/geografia/volcan-reclus-patagonia/,0,1,0%,4
https://visitandopuntaarenas.cl/turismo/rio-verde-punta-arenas/#actividades_imperdibles_en_el_rio_verde_de_punta_arenas,0,1,0%,6
https://visitandopuntaarenas.cl/turismo/rio-verde-punta-arenas/#como_llegar_al_rio_verde_guia_practica_para_los_viajeros,0,1,0%,6
https://visitandopuntaarenas.cl/turismo/rio-verde-punta-arenas/#flora_y_fauna_del_rio_verde_biodiversidad_patagonica,0,1,0%,6
https://visitandopuntaarenas.cl/turismo/rio-verde-punta-arenas/#rio_verde_un_tesoro_escondido_en_la_patagonia_chilena,0,1,0%,6
https://visitandopuntaarenas.cl/costanera-punta-arenas/,0,1,0%,7
https://visitandopuntaarenas.cl/restaurantes/resto-austral-punta-arenas/,0,1,0%,7
https://visitandopuntaarenas.cl/transporte/ruta-punta-arenas-osorno-por-argentina/,0,1,0%,7
https://visitandopuntaarenas.cl/blog/es-punta-arenas-un-buen-lugar-para-vivir/#desafios_de_vivir_en_punta_arenas,0,1,0%,8
https://visitandopuntaarenas.cl/blog/es-punta-arenas-un-buen-lugar-para-vivir/#que_opinan_los_residentes_de_punta_arenas_,0,1,0%,8
https://visitandopuntaarenas.cl/blog/es-punta-arenas-un-buen-lugar-para-vivir/#vivir_en_punta_arenas_ventajas_y_desafios_que_debes_conocer,0,1,0%,8
https://visitandopuntaarenas.cl/restaurantes/la-chaira-restaurante-punta-arenas/,0,1,0%,8
https://visitandopuntaarenas.cl/santiago/volar-desde-santiago/,0,1,0%,8
https://visitandopuntaarenas.cl/turismo/ruta-40-de-puerto-natales-a-el-calafate-en-coche/,0,1,0%,8
https://visitandopuntaarenas.cl/turismo/ruta-40-de-puerto-natales-a-el-calafate-en-coche/#consejos_practicos_para_conducir_por_la_ruta_40_en_coche,0,1,0%,8
https://visitandopuntaarenas.cl/turismo/ruta-40-de-puerto-natales-a-el-calafate-en-coche/#lugares_imperdibles_en_la_ruta_40_de_puerto_natales_a_el_calafate,0,1,0%,8
https://visitandopuntaarenas.cl/turismo/ruta-40-de-puerto-natales-a-el-calafate-en-coche/#opciones_de_transporte_como_llegar_y_moverse_por_la_ruta_40,0,1,0%,8
https://visitandopuntaarenas.cl/turismo/ruta-40-de-puerto-natales-a-el-calafate-en-coche/#por_que_recorrer_la_ruta_40_entre_puerto_natales_y_el_calafate_,0,1,0%,8
https://visitandopuntaarenas.cl/restaurantes/pub-restaurante/la-perla-del-estrecho-punta-arenas/#datos_de_ubicacion_y_contacto,0,1,0%,9
https://visitandopuntaarenas.cl/restaurantes/pub-restaurante/la-perla-del-estrecho-punta-arenas/#opinion_de_quienes_han_ido_a_la_perla_del_estrecho,0,1,0%,9
https://visitandopuntaarenas.cl/hostales/hospedaje-independencia/,0,1,0%,10
https://visitandopuntaarenas.cl/transporte/patagonia-de-madryn-a-punta-arenas-por-el-estrecho/,0,1,0%,10
https://visitandopuntaarenas.cl/gastronomia/asado-magallanico/,0,1,0%,11
https://visitandopuntaarenas.cl/puerto-montt/#distancia_entre_puerto_montt_y_punta_arenas_comparativa_de_opciones_para_viajar,0,1,0%,11
https://visitandopuntaarenas.cl/puerto-montt/#viaje_a_puerto_montt_desde_punta_arenas_duracion_de_viajes_distancias_y_mejores_opciones,0,1,0%,11
https://visitandopuntaarenas.cl/restaurantes/restaurante-la-ruta-de-darwin-punta-arenas/,0,1,0%,11
https://visitandopuntaarenas.cl/restaurantes/surista-punta-arenas/,0,1,0%,11
https://visitandopuntaarenas.cl/transporte/como-llegar-a-ushuaia-desde-punta-arenas-en-auto/,0,1,0%,11
https://visitandopuntaarenas.cl/buses/agencia-tur-bus-punta-arenas/#comparacion_con_otras_empresas,0,1,0%,12
https://visitandopuntaarenas.cl/buses/agencia-tur-bus-punta-arenas/#consejos_para_viajeros,0,1,0%,12
https://visitandopuntaarenas.cl/buses/agencia-tur-bus-punta-arenas/#informacion_de_contacto_y_ubicacion,0,1,0%,12
https://visitandopuntaarenas.cl/hostales/hostal-del-tuto/,0,1,0%,12
https://visitandopuntaarenas.cl/buses/buses-pacheco/#historia_de_los_buses_pacheco_un_legado_en_el_transporte,0,1,0%,14
https://visitandopuntaarenas.cl/gastronomia/#historia_y_tradicion_de_la_gastronomia_magallanica,0,1,0%,14
https://visitandopuntaarenas.cl/gastronomia/#platos_con_historia_cocina_chilota_en_punta_arenas,0,1,0%,14
https://visitandopuntaarenas.cl/gastronomia/#productos_y_ingredientes_tipicos_de_la_patagonia,0,1,0%,14
https://visitandopuntaarenas.cl/gastronomia/#restaurantes_destacados,0,1,0%,14
https://visitandopuntaarenas.cl/geografia/que-ciudad-de-argentina-esta-mas-cerca-de-coyhaique/#como_llegar_a_la_ciudad_mas_cercana_a_coyhaique_desde_argentina,0,1,0%,14
https://visitandopuntaarenas.cl/geografia/que-ciudad-de-argentina-esta-mas-cerca-de-coyhaique/#mejor_epoca_para_visitar_la_ciudad_mas_cercana_a_coyhaique,0,1,0%,14
https://visitandopuntaarenas.cl/geografia/que-ciudad-de-argentina-esta-mas-cerca-de-coyhaique/#que_ciudad_de_argentina_esta_mas_cerca_de_coyhaique_,0,1,0%,14
https://visitandopuntaarenas.cl/palacio-sara-braun/#explorando_el_palacio_sara_braun_que_ver_en_su_interior_,0,1,0%,16
https://visitandopuntaarenas.cl/palacio-sara-braun/#historia_del_palacio_sara_braun_de_mansion_de_lujo_a_monumento_nacional,0,1,0%,16
https://visitandopuntaarenas.cl/palacio-sara-braun/#museo_regional_de_magallanes_un_recorrido_historico_en_el_palacio_sara_braun,0,1,0%,16
https://visitandopuntaarenas.cl/palacio-sara-braun/#preguntas_frecuentes,0,1,0%,16
https://visitandopuntaarenas.cl/palacio-sara-braun/#visitar_el_palacio_sara_braun_precios_horarios_y_entrada,0,1,0%,16
https://visitandopuntaarenas.cl/hostales/casa-hostal-innata-patagonia/,0,1,0%,26
https://visitandopuntaarenas.cl/transporte/punta-arenas-a-puerto-natales/,0,1,0%,28
https://visitandopuntaarenas.cl/restaurantes/restaurant-beagle-punta-arenas/,0,1,0%,32
https://visitandopuntaarenas.cl/turismo/cruceros-desde-chile-ida-y-vuelta/,0,1,0%,34
https://visitandopuntaarenas.cl/zona-franca/perfumes-y-cosmetica/,0,1,0%,39
https://visitandopuntaarenas.cl/localidades/bahia-agua-fresca/,0,1,0%,40
https://visitandopuntaarenas.cl/isla-magdalena-punta-arenas-tour/,0,1,0%,42
https://visitandopuntaarenas.cl/parque/laguna-entre-viento-punta-arenas/,0,1,0%,56
https://visitandopuntaarenas.cl/senderismo/,0,1,0%,63
https://visitandopuntaarenas.cl/porvenir/,0,1,0%,69
https://visitandopuntaarenas.cl/zona-franca/electronica-y-tecnologia/celulares/,0,1,0%,75
https://visitandopuntaarenas.cl/torres-del-paine/,0,1,0%,79
https://visitandopuntaarenas.cl/viajes/cruceros-a-la-antartida-desde-punta-arenas/,0,1,0%,93